,Date, Close/Last, Volume, Open, High, Low,predicted,actual,difference
0,11/18/2020,3567.79, --,3612.09,3619.09,3567.33,3395.163831375763,3567.79,172.62616862423693
1,11/17/2020,3609.53, --,3610.31,3623.11,3588.68,3390.7016725441977,3609.53,218.82832745580254
2,11/16/2020,3626.91, --,3600.16,3628.51,3600.16,3396.4209398952244,3626.91,230.4890601047755
3,11/13/2020,3585.15, --,3552.57,3593.66,3552.57,3392.4713819239278,3585.15,192.67861807607233
4,11/12/2020,3537.01, --,3562.67,3569.02,3518.58,3395.9380899963494,3537.01,141.07191000365083
5,11/11/2020,3572.66, --,3563.22,3581.16,3557.0,3395.847294928476,3572.66,176.81270507152385
6,11/10/2020,3545.53, --,3543.26,3557.22,3511.91,3394.2857769993843,3545.53,151.24422300061588
7,11/09/2020,3550.5, --,3583.04,3645.99,3547.48,3399.6977773694753,3550.5,150.80222263052474
8,11/06/2020,3509.44, --,3508.34,3521.58,3484.34,3393.0426969556843,3509.44,116.39730304431578
9,11/05/2020,3510.45, --,3485.74,3529.05,3485.74,3402.204755053475,3510.45,108.24524494652496
10,11/04/2020,3443.44, --,3406.46,3486.25,3405.17,3393.987344223466,3443.44,49.4526557765339
11,11/03/2020,3369.02, --,3336.25,3389.49,3336.25,3401.9417733424384,3369.02,-32.92177334243843
12,11/02/2020,3310.24, --,3296.2,3330.14,3279.74,3397.8972597172233,3310.24,-87.6572597172235
13,10/30/2020,3269.96, --,3293.59,3304.93,3233.94,3399.0080800479855,3269.96,-129.04808004798542
14,10/29/2020,3310.11, --,3277.17,3341.05,3259.82,3403.6868416193415,3310.11,-93.5768416193414
15,10/28/2020,3271.03, --,3342.48,3342.48,3268.89,3395.430934833789,3271.03,-124.4009348337886
16,10/27/2020,3390.68, --,3403.15,3409.51,3388.71,3408.6007514410876,3390.68,-17.92075144108776
17,10/26/2020,3400.97, --,3441.42,3441.42,3364.86,3394.3237654638447,3400.97,6.646234536155134
18,10/23/2020,3465.39, --,3464.9,3466.46,3440.45,3409.652702001173,3465.39,55.73729799882676
19,10/22/2020,3453.49, --,3438.5,3460.53,3415.34,3398.0123225677653,3453.49,55.477677432234486
20,10/21/2020,3435.56, --,3439.91,3464.86,3433.06,3405.6740481457555,3435.56,29.885951854244468
21,10/20/2020,3443.12, --,3439.38,3476.93,3435.65,3406.1394068859026,3443.12,36.980593114097246
22,10/19/2020,3426.92, --,3493.66,3502.42,3419.93,3398.7067165620724,3426.92,28.213283437927657
23,10/16/2020,3483.81, --,3493.5,3515.76,3480.45,3415.087102607766,3483.81,68.72289739223379
24,10/15/2020,3483.34, --,3453.72,3489.08,3440.89,3393.5483763033703,3483.34,89.79162369662981
25,10/14/2020,3488.67, --,3515.47,3527.94,3480.55,3419.534965767608,3488.67,69.13503423239217
26,10/13/2020,3511.93, --,3534.01,3534.01,3500.86,3395.2001958680235,3511.93,116.72980413197638
27,10/12/2020,3534.22, --,3500.02,3549.85,3499.61,3415.7097656423784,3534.22,118.51023435762136
28,10/09/2020,3477.13, --,3459.67,3482.34,3458.07,3405.378681705774,3477.13,71.75131829422617
29,10/08/2020,3446.83, --,3434.28,3447.28,3428.15,3404.521892576825,3446.83,42.30810742317499
30,10/07/2020,3419.45, --,3384.56,3426.26,3384.56,,,
31,10/06/2020,3360.95, --,3408.74,3431.56,3354.54,,,
32,10/05/2020,3408.63, --,3367.27,3409.57,3367.27,,,
33,10/02/2020,3348.44, --,3338.94,3369.1,3323.69,,,
34,10/01/2020,3380.8, --,3385.87,3397.18,3361.39,,,
35,09/30/2020,3363.0, --,3341.21,3393.56,3340.47,,,
36,09/29/2020,3335.47, --,3350.92,3357.92,3327.54,,,
37,09/28/2020,3351.6, --,3333.9,3360.74,3332.91,,,
38,09/25/2020,3298.46, --,3236.66,3306.88,3228.44,,,
39,09/24/2020,3246.59, --,3226.14,3278.7,3209.45,,,
40,09/23/2020,3236.92, --,3320.11,3323.35,3232.57,,,
41,09/22/2020,3315.57, --,3295.75,3320.31,3270.95,,,
42,09/21/2020,3281.06, --,3285.57,3285.57,3229.1,,,
43,09/18/2020,3319.47, --,3357.38,3362.27,3292.4,,,
44,09/17/2020,3357.01, --,3346.86,3375.17,3328.82,,,
45,09/16/2020,3385.49, --,3411.23,3428.92,3384.45,,,
46,09/15/2020,3401.2, --,3407.73,3419.48,3389.25,,,
47,09/14/2020,3383.54, --,3363.56,3402.93,3363.56,,,
48,09/11/2020,3340.97, --,3352.7,3368.95,3310.47,,,
49,09/10/2020,3339.19, --,3412.56,3425.55,3329.25,,,
50,09/09/2020,3398.96, --,3369.82,3424.77,3366.84,,,
51,09/08/2020,3331.84, --,3371.88,3379.97,3329.27,,,
52,09/04/2020,3426.96, --,3453.6,3479.15,3349.63,,,
53,09/03/2020,3455.06, --,3564.74,3564.85,3427.41,,,
54,09/02/2020,3580.84, --,3543.76,3588.11,3535.23,,,
55,09/01/2020,3526.65, --,3507.44,3528.03,3494.6,,,
56,08/31/2020,3500.31, --,3509.73,3514.77,3493.25,,,
57,08/28/2020,3508.01, --,3494.69,3509.23,3484.32,,,
58,08/27/2020,3484.55, --,3485.14,3501.38,3468.35,,,
59,08/26/2020,3478.73, --,3449.97,3481.07,3444.15,,,
60,08/25/2020,3443.62, --,3435.95,3444.21,3425.84,,,
61,08/24/2020,3431.28, --,3418.09,3432.09,3413.13,,,
62,08/21/2020,3397.16, --,3386.01,3399.96,3379.31,,,
63,08/20/2020,3385.51, --,3360.48,3390.8,3354.69,,,
64,08/19/2020,3374.85, --,3392.51,3399.54,3369.66,,,
65,08/18/2020,3389.78, --,3387.04,3395.06,3370.15,,,
66,08/17/2020,3381.99, --,3380.86,3387.59,3379.22,,,
67,08/14/2020,3372.85, --,3368.66,3378.51,3361.64,,,
68,08/13/2020,3373.43, --,3372.95,3387.24,3363.35,,,
69,08/12/2020,3380.35, --,3355.46,3387.89,3355.46,,,
70,08/11/2020,3333.69, --,3370.34,3381.01,3326.44,,,
71,08/10/2020,3360.47, --,3356.04,3363.29,3335.44,,,
72,08/07/2020,3351.28, --,3340.05,3352.54,3328.72,,,
73,08/06/2020,3349.16, --,3323.17,3351.03,3318.14,,,
74,08/05/2020,3327.77, --,3317.37,3330.77,3317.37,,,
75,08/04/2020,3306.51, --,3296.6,3306.84,3286.37,,,
76,08/03/2020,3294.61, --,3288.26,3302.73,3284.53,,,
77,07/31/2020,3271.12, --,3270.45,3272.17,3220.26,,,
78,07/30/2020,3246.22, --,3231.76,3250.92,3204.13,,,
79,07/29/2020,3258.44, --,3227.22,3264.74,3227.22,,,
80,07/28/2020,3218.44, --,3234.27,3243.72,3216.17,,,
81,07/27/2020,3239.41, --,3219.84,3241.43,3214.25,,,
82,07/24/2020,3215.63, --,3218.58,3227.26,3200.05,,,
83,07/23/2020,3235.66, --,3271.64,3279.99,3222.66,,,
84,07/22/2020,3276.02, --,3254.86,3279.32,3253.1,,,
85,07/21/2020,3257.3, --,3268.52,3277.29,3247.77,,,
86,07/20/2020,3251.84, --,3224.29,3258.61,3215.16,,,
87,07/17/2020,3224.73, --,3224.21,3233.52,3205.65,,,
88,07/16/2020,3215.57, --,3208.36,3220.39,3198.59,,,
89,07/15/2020,3226.56, --,3225.98,3238.28,3200.76,,,
90,07/14/2020,3197.52, --,3141.11,3200.95,3127.66,,,
91,07/13/2020,3155.22, --,3205.08,3235.32,3149.43,,,
92,07/10/2020,3185.04, --,3152.47,3186.82,3136.22,,,
93,07/09/2020,3152.05, --,3176.17,3179.78,3115.7,,,
94,07/08/2020,3169.94, --,3153.07,3171.8,3136.53,,,
95,07/07/2020,3145.32, --,3166.44,3184.15,3142.93,,,
96,07/06/2020,3179.72, --,3155.29,3182.59,3155.29,,,
97,07/02/2020,3130.01, --,3143.64,3165.81,3124.52,,,
98,07/01/2020,3115.86, --,3105.92,3128.44,3101.17,,,
99,06/30/2020,3100.29, --,3050.2,3111.51,3047.83,,,
100,06/29/2020,3053.24, --,3018.59,3053.89,2999.74,,,
101,06/26/2020,3009.05, --,3073.2,3073.73,3004.63,,,
102,06/25/2020,3083.76, --,3046.6,3086.25,3024.01,,,
103,06/24/2020,3050.33, --,3114.4,3115.01,3032.13,,,
104,06/23/2020,3131.29, --,3138.7,3154.9,3127.12,,,
105,06/22/2020,3117.86, --,3094.42,3120.92,3079.39,,,
106,06/19/2020,3097.74, --,3140.29,3155.53,3083.11,,,
107,06/18/2020,3115.34, --,3101.64,3120.0,3093.51,,,
108,06/17/2020,3113.49, --,3136.13,3141.16,3108.03,,,
109,06/16/2020,3124.74, --,3131.0,3153.45,3076.06,,,
110,06/15/2020,3066.59, --,2993.76,3079.76,2965.66,,,
111,06/12/2020,3041.31, --,3071.04,3088.42,2984.47,,,
112,06/11/2020,3002.1, --,3123.53,3123.53,2999.49,,,
113,06/10/2020,3190.14, --,3213.42,3223.27,3181.49,,,
114,06/09/2020,3207.18, --,3213.32,3222.71,3193.11,,,
115,06/08/2020,3232.39, --,3199.92,3233.13,3196.0,,,
116,06/05/2020,3193.93, --,3163.84,3211.72,3163.84,,,
117,06/04/2020,3112.35, --,3111.56,3128.91,3090.41,,,
118,06/03/2020,3122.87, --,3098.9,3130.94,3098.9,,,
119,06/02/2020,3080.82, --,3064.78,3081.07,3051.64,,,
120,06/01/2020,3055.73, --,3038.78,3062.18,3031.54,,,
121,05/29/2020,3044.31, --,3025.17,3049.17,2998.61,,,
122,05/28/2020,3029.73, --,3046.61,3068.67,3023.4,,,
123,05/27/2020,3036.13, --,3015.65,3036.25,2969.75,,,
124,05/26/2020,2991.77, --,3004.08,3021.72,2988.17,,,
125,05/22/2020,2955.45, --,2948.05,2956.76,2933.59,,,
126,05/21/2020,2948.51, --,2969.95,2978.5,2938.57,,,
127,05/20/2020,2971.61, --,2953.63,2980.29,2953.63,,,
128,05/19/2020,2922.94, --,2948.59,2964.21,2922.35,,,
129,05/18/2020,2953.91, --,2913.86,2968.09,2913.86,,,
130,05/15/2020,2863.7, --,2829.95,2865.01,2816.78,,,
131,05/14/2020,2852.5, --,2794.54,2852.8,2766.64,,,
132,05/13/2020,2820.0, --,2865.86,2874.14,2793.15,,,
133,05/12/2020,2870.12, --,2939.5,2945.82,2869.59,,,
134,05/11/2020,2930.32, --,2915.46,2944.25,2903.44,,,
135,05/08/2020,2929.8, --,2908.83,2932.16,2902.88,,,
136,05/07/2020,2881.19, --,2878.26,2901.92,2876.48,,,
137,05/06/2020,2848.42, --,2883.14,2891.11,2847.65,,,
138,05/05/2020,2868.44, --,2868.88,2898.23,2863.55,,,
139,05/04/2020,2842.74, --,2815.01,2844.24,2797.85,,,
140,05/01/2020,2830.71, --,2869.09,2869.09,2821.61,,,
141,04/30/2020,2912.43, --,2930.91,2930.91,2892.47,,,
142,04/29/2020,2939.51, --,2918.46,2954.86,2912.16,,,
143,04/28/2020,2863.39, --,2909.96,2921.15,2860.71,,,
144,04/27/2020,2878.48, --,2854.65,2887.72,2852.89,,,
145,04/24/2020,2836.74, --,2812.64,2842.71,2791.76,,,
146,04/23/2020,2797.8, --,2810.42,2844.9,2794.26,,,
147,04/22/2020,2799.31, --,2787.89,2815.1,2775.95,,,
148,04/21/2020,2736.56, --,2784.81,2785.54,2727.1,,,
149,04/20/2020,2823.16, --,2845.62,2868.98,2820.43,,,
150,04/17/2020,2874.56, --,2842.43,2879.22,2830.88,,,
151,04/16/2020,2799.55, --,2799.34,2806.51,2764.32,,,
152,04/15/2020,2783.36, --,2795.64,2801.88,2761.54,,,
153,04/14/2020,2846.06, --,2805.1,2851.85,2805.1,,,
154,04/13/2020,2761.63, --,2782.46,2782.46,2721.17,,,
155,04/09/2020,2789.82, --,2776.99,2818.57,2762.36,,,
156,04/08/2020,2749.98, --,2685.0,2760.75,2663.3,,,
157,04/07/2020,2659.41, --,2738.65,2756.89,2657.67,,,
158,04/06/2020,2663.68, --,2578.28,2676.85,2574.57,,,
159,04/03/2020,2488.65, --,2514.92,2538.18,2459.96,,,
160,04/02/2020,2526.9, --,2458.54,2533.22,2455.79,,,
161,04/01/2020,2470.5, --,2498.08,2522.75,2447.49,,,
162,03/31/2020,2584.59, --,2614.69,2641.39,2571.15,,,
163,03/30/2020,2626.65, --,2558.98,2631.8,2545.28,,,
164,03/27/2020,2541.47, --,2555.87,2615.91,2520.02,,,
165,03/26/2020,2630.07, --,2501.29,2637.01,2500.72,,,
166,03/25/2020,2475.56, --,2457.77,2571.42,2407.53,,,
167,03/24/2020,2447.33, --,2344.44,2449.71,2344.44,,,
168,03/23/2020,2237.4, --,2290.71,2300.73,2191.86,,,
169,03/20/2020,2304.92, --,2431.94,2453.01,2295.56,,,
170,03/19/2020,2409.39, --,2393.48,2466.97,2319.78,,,
171,03/18/2020,2398.1, --,2436.5,2453.57,2280.52,,,
172,03/17/2020,2529.19, --,2425.66,2553.93,2367.04,,,
173,03/16/2020,2386.13, --,2508.59,2562.98,2380.94,,,
174,03/13/2020,2711.02, --,2569.99,2711.33,2492.37,,,
175,03/12/2020,2480.64, --,2630.86,2660.95,2478.86,,,
176,03/11/2020,2741.38, --,2825.6,2825.6,2707.22,,,
177,03/10/2020,2882.23, --,2813.48,2882.59,2734.0,,,
178,03/09/2020,2746.56, --,2863.89,2863.89,2734.43,,,
179,03/06/2020,2972.37, --,2954.2,2985.93,2901.54,,,
180,03/05/2020,3023.94, --,3075.7,3083.04,2999.83,,,
181,03/04/2020,3130.12, --,3045.75,3130.97,3034.38,,,
182,03/03/2020,3003.37, --,3096.46,3136.72,2976.63,,,
183,03/02/2020,3090.23, --,2974.28,3090.96,2945.19,,,
184,02/28/2020,2954.22, --,2916.9,2959.72,2855.84,,,
185,02/27/2020,2978.76, --,3062.54,3097.07,2977.39,,,
186,02/26/2020,3116.39, --,3139.9,3182.51,3108.99,,,
187,02/25/2020,3128.21, --,3238.94,3246.99,3118.77,,,
188,02/24/2020,3225.89, --,3257.61,3259.81,3214.65,,,
189,02/21/2020,3337.75, --,3360.5,3360.76,3328.45,,,
190,02/20/2020,3373.23, --,3380.45,3389.15,3341.02,,,
191,02/19/2020,3386.15, --,3380.39,3393.52,3378.83,,,
192,02/18/2020,3370.29, --,3369.04,3375.01,3355.61,,,
193,02/14/2020,3380.16, --,3378.08,3380.69,3366.15,,,
194,02/13/2020,3373.94, --,3365.9,3385.09,3360.52,,,
195,02/12/2020,3379.45, --,3370.5,3381.47,3369.72,,,
196,02/11/2020,3357.75, --,3365.87,3375.63,3352.72,,,
197,02/10/2020,3352.09, --,3318.28,3352.26,3317.77,,,
198,02/07/2020,3327.71, --,3335.54,3341.42,3322.12,,,
199,02/06/2020,3345.78, --,3344.92,3347.96,3334.39,,,
200,02/05/2020,3334.69, --,3324.91,3337.58,3313.75,,,
201,02/04/2020,3297.59, --,3280.61,3306.92,3280.61,,,
202,02/03/2020,3248.92, --,3235.66,3268.44,3235.66,,,
203,01/31/2020,3225.52, --,3282.33,3282.33,3214.68,,,
204,01/30/2020,3283.66, --,3256.45,3285.91,3242.8,,,
205,01/29/2020,3273.4, --,3289.46,3293.47,3271.89,,,
206,01/28/2020,3276.24, --,3255.35,3285.78,3253.22,,,
207,01/27/2020,3243.63, --,3247.16,3258.85,3234.5,,,
208,01/24/2020,3295.47, --,3333.1,3333.18,3281.53,,,
209,01/23/2020,3325.54, --,3315.77,3326.88,3301.87,,,
210,01/22/2020,3321.75, --,3330.02,3337.77,3320.04,,,
211,01/21/2020,3320.79, --,3321.03,3329.79,3316.61,,,
212,01/17/2020,3329.62, --,3323.66,3329.88,3318.86,,,
213,01/16/2020,3316.81, --,3302.97,3317.11,3302.82,,,
214,01/15/2020,3289.29, --,3282.27,3298.66,3280.69,,,
215,01/14/2020,3283.15, --,3285.35,3294.25,3277.19,,,
216,01/13/2020,3288.13, --,3271.13,3288.13,3268.43,,,
217,01/10/2020,3265.35, --,3281.81,3282.99,3260.86,,,
218,01/09/2020,3274.7, --,3266.03,3275.58,3263.67,,,
219,01/08/2020,3253.05, --,3238.59,3267.07,3236.67,,,
220,01/07/2020,3237.18, --,3241.86,3244.91,3232.43,,,
221,01/06/2020,3246.28, --,3217.55,3246.84,3214.64,,,
222,01/03/2020,3234.85, --,3226.36,3246.15,3222.34,,,
223,01/02/2020,3257.85, --,3244.67,3258.14,3235.53,,,
224,12/31/2019,3230.78, --,3215.18,3231.72,3212.03,,,
225,12/30/2019,3221.29, --,3240.09,3240.92,3216.57,,,
226,12/27/2019,3240.02, --,3247.23,3247.93,3234.37,,,
227,12/26/2019,3239.91, --,3227.2,3240.08,3227.2,,,
228,12/24/2019,3223.38, --,3225.45,3226.43,3220.51,,,
229,12/23/2019,3224.01, --,3226.05,3227.78,3222.3,,,
230,12/20/2019,3221.22, --,3223.33,3225.65,3216.03,,,
231,12/19/2019,3205.37, --,3192.32,3205.48,3192.32,,,
232,12/18/2019,3191.14, --,3195.21,3198.48,3191.14,,,
233,12/17/2019,3192.52, --,3195.4,3198.22,3191.03,,,
234,12/16/2019,3191.45, --,3183.63,3197.71,3183.63,,,
235,12/13/2019,3168.8, --,3166.65,3182.68,3156.51,,,
236,12/12/2019,3168.57, --,3141.23,3176.28,3138.47,,,
237,12/11/2019,3141.63, --,3135.75,3143.98,3133.21,,,
238,12/10/2019,3132.52, --,3135.36,3142.12,3126.09,,,
239,12/09/2019,3135.96, --,3141.86,3148.87,3135.46,,,
240,12/06/2019,3145.91, --,3134.62,3150.6,3134.62,,,
241,12/05/2019,3117.43, --,3119.21,3119.45,3103.76,,,
242,12/04/2019,3112.76, --,3103.5,3119.38,3102.53,,,
243,12/03/2019,3093.2, --,3087.41,3094.97,3070.33,,,
244,12/02/2019,3113.87, --,3143.85,3144.31,3110.78,,,
245,11/29/2019,3140.98, --,3147.18,3150.3,3139.34,,,
246,11/27/2019,3153.63, --,3145.49,3154.26,3143.41,,,
247,11/26/2019,3140.52, --,3134.85,3142.69,3131.0,,,
248,11/25/2019,3133.64, --,3117.44,3133.83,3117.44,,,
249,11/22/2019,3110.29, --,3111.41,3112.87,3099.26,,,
250,11/21/2019,3103.54, --,3108.49,3110.11,3094.55,,,
251,11/20/2019,3108.46, --,3114.66,3118.97,3091.41,,,
252,11/19/2019,3120.18, --,3127.45,3127.64,3113.47,,,
253,11/18/2019,3122.03, --,3117.91,3124.17,3112.06,,,
254,11/15/2019,3120.46, --,3107.92,3120.46,3104.6,,,
255,11/14/2019,3096.63, --,3090.75,3098.2,3083.26,,,
256,11/13/2019,3094.04, --,3084.18,3098.06,3078.8,,,
257,11/12/2019,3091.84, --,3089.28,3102.61,3084.73,,,
258,11/11/2019,3087.01, --,3080.33,3088.33,3075.82,,,
259,11/08/2019,3093.08, --,3081.25,3093.09,3073.58,,,
260,11/07/2019,3085.18, --,3087.02,3097.77,3080.23,,,
261,11/06/2019,3076.78, --,3075.1,3078.34,3065.89,,,
262,11/05/2019,3074.62, --,3080.8,3083.95,3072.15,,,
263,11/04/2019,3078.27, --,3078.96,3085.2,3074.87,,,
264,11/01/2019,3066.91, --,3050.72,3066.95,3050.72,,,
265,10/31/2019,3037.56, --,3046.9,3046.9,3023.19,,,
266,10/30/2019,3046.77, --,3039.74,3050.1,3025.96,,,
267,10/29/2019,3036.89, --,3035.39,3047.87,3034.81,,,
268,10/28/2019,3039.42, --,3032.12,3044.08,3032.12,,,
269,10/25/2019,3022.55, --,3003.32,3027.39,3001.94,,,
270,10/24/2019,3010.29, --,3014.78,3016.07,3000.42,,,
271,10/23/2019,3004.52, --,2994.01,3004.78,2991.21,,,
272,10/22/2019,2995.99, --,3010.73,3014.57,2995.04,,,
273,10/21/2019,3006.72, --,2996.48,3007.33,2995.35,,,
274,10/18/2019,2986.2, --,2996.84,3000.0,2976.31,,,
275,10/17/2019,2997.95, --,3000.77,3008.29,2991.79,,,
276,10/16/2019,2989.69, --,2989.68,2997.54,2985.2,,,
277,10/15/2019,2995.68, --,2973.61,3003.28,2973.61,,,
278,10/14/2019,2966.15, --,2965.81,2972.84,2962.94,,,
279,10/11/2019,2970.27, --,2963.07,2993.28,2963.07,,,
280,10/10/2019,2938.13, --,2918.55,2948.46,2917.12,,,
281,10/09/2019,2919.4, --,2911.1,2929.32,2907.41,,,
282,10/08/2019,2893.06, --,2920.4,2925.47,2892.66,,,
283,10/07/2019,2938.79, --,2944.23,2959.75,2935.68,,,
284,10/04/2019,2952.01, --,2918.56,2953.74,2918.56,,,
285,10/03/2019,2910.63, --,2885.38,2911.13,2855.94,,,
286,10/02/2019,2887.61, --,2924.78,2924.78,2874.93,,,
287,10/01/2019,2940.25, --,2983.69,2992.53,2938.7,,,
288,09/30/2019,2976.74, --,2967.07,2983.85,2967.07,,,
289,09/27/2019,2961.79, --,2985.47,2987.31,2945.53,,,
290,09/26/2019,2977.62, --,2985.73,2987.28,2963.71,,,
291,09/25/2019,2984.87, --,2968.35,2989.82,2952.86,,,
292,09/24/2019,2966.6, --,3002.43,3007.98,2957.73,,,
293,09/23/2019,2991.78, --,2983.5,2999.15,2982.23,,,
294,09/20/2019,2992.07, --,3008.42,3016.37,2984.68,,,
295,09/19/2019,3006.79, --,3010.36,3021.99,3003.16,,,
296,09/18/2019,3006.73, --,3001.5,3007.83,2978.57,,,
297,09/17/2019,3005.7, --,2995.67,3006.21,2993.73,,,
298,09/16/2019,2997.96, --,2996.41,3002.19,2990.67,,,
299,09/13/2019,3007.39, --,3012.21,3017.33,3002.9,,,
300,09/12/2019,3009.57, --,3009.08,3020.74,3000.92,,,
301,09/11/2019,3000.93, --,2981.41,3000.93,2975.31,,,
302,09/10/2019,2979.39, --,2971.01,2979.39,2957.01,,,
303,09/09/2019,2978.43, --,2988.43,2989.43,2969.39,,,
304,09/06/2019,2978.71, --,2980.33,2985.03,2972.51,,,
305,09/05/2019,2976.0, --,2960.6,2985.86,2960.6,,,
306,09/04/2019,2937.78, --,2924.67,2938.84,2921.86,,,
307,09/03/2019,2906.27, --,2909.01,2914.39,2891.85,,,
308,08/30/2019,2926.46, --,2937.09,2940.43,2913.32,,,
309,08/29/2019,2924.58, --,2910.37,2930.5,2905.67,,,
310,08/28/2019,2887.94, --,2861.28,2890.03,2853.05,,,
311,08/27/2019,2869.16, --,2893.14,2898.79,2860.59,,,
312,08/26/2019,2878.38, --,2866.7,2879.27,2856.0,,,
313,08/23/2019,2847.11, --,2911.07,2927.01,2834.97,,,
314,08/22/2019,2922.95, --,2930.94,2939.08,2904.51,,,
315,08/21/2019,2924.43, --,2922.04,2928.73,2917.91,,,
316,08/20/2019,2900.51, --,2919.01,2923.63,2899.6,,,
317,08/19/2019,2923.65, --,2913.48,2931.0,2913.48,,,
318,08/16/2019,2888.68, --,2864.74,2893.63,2864.74,,,
319,08/15/2019,2847.6, --,2846.2,2856.67,2825.51,,,
320,08/14/2019,2840.6, --,2894.15,2894.15,2839.64,,,
321,08/13/2019,2926.32, --,2880.72,2943.31,2877.05,,,
322,08/12/2019,2883.09, --,2907.07,2907.58,2873.14,,,
323,08/09/2019,2918.65, --,2930.51,2935.75,2900.15,,,
324,08/08/2019,2938.09, --,2896.21,2938.72,2894.47,,,
325,08/07/2019,2883.98, --,2858.65,2892.17,2825.71,,,
326,08/06/2019,2881.77, --,2861.18,2884.4,2847.42,,,
327,08/05/2019,2844.74, --,2898.07,2898.07,2822.12,,,
328,08/02/2019,2932.05, --,2943.9,2945.5,2914.11,,,
329,08/01/2019,2953.56, --,2980.32,3013.59,2945.23,,,
330,07/31/2019,2980.38, --,3016.22,3017.4,2958.08,,,
331,07/30/2019,3013.18, --,3007.66,3017.19,3000.94,,,
332,07/29/2019,3020.97, --,3024.47,3025.61,3014.3,,,
333,07/26/2019,3025.86, --,3013.25,3027.98,3012.59,,,
334,07/25/2019,3003.67, --,3016.26,3016.31,2997.24,,,
335,07/24/2019,3019.56, --,2998.77,3019.59,2996.82,,,
336,07/23/2019,3005.47, --,2994.74,3005.9,2988.56,,,
337,07/22/2019,2985.03, --,2981.93,2990.71,2976.65,,,
338,07/19/2019,2976.61, --,3004.26,3006.02,2975.86,,,
339,07/18/2019,2995.11, --,2978.87,2998.28,2973.09,,,
340,07/17/2019,2984.42, --,3005.1,3005.26,2984.25,,,
341,07/16/2019,3004.04, --,3012.13,3015.02,3001.15,,,
342,07/15/2019,3014.3, --,3017.8,3017.8,3008.77,,,
343,07/12/2019,3013.77, --,3003.36,3013.92,3001.87,,,
344,07/11/2019,2999.91, --,2999.62,3002.33,2988.8,,,
345,07/10/2019,2993.07, --,2989.3,3002.98,2984.62,,,
346,07/09/2019,2979.63, --,2965.52,2981.9,2963.44,,,
347,07/08/2019,2975.95, --,2979.77,2980.76,2970.09,,,
348,07/05/2019,2990.41, --,2984.25,2994.03,2967.97,,,
349,07/03/2019,2995.82, --,2978.08,2995.84,2977.96,,,
350,07/02/2019,2973.01, --,2964.66,2973.21,2955.92,,,
351,07/01/2019,2964.33, --,2971.41,2977.93,2952.22,,,
352,06/28/2019,2941.76, --,2932.94,2943.98,2929.05,,,
353,06/27/2019,2924.92, --,2919.66,2929.3,2918.57,,,
354,06/26/2019,2913.78, --,2926.07,2932.59,2912.99,,,
355,06/25/2019,2917.38, --,2945.78,2946.52,2916.01,,,
356,06/24/2019,2945.35, --,2951.42,2954.92,2944.05,,,
357,06/21/2019,2950.46, --,2952.71,2964.15,2946.87,,,
358,06/20/2019,2954.18, --,2949.6,2958.06,2931.5,,,
359,06/19/2019,2926.46, --,2920.55,2931.74,2911.43,,,
360,06/18/2019,2917.75, --,2906.71,2930.79,2905.44,,,
361,06/17/2019,2889.67, --,2889.75,2897.27,2887.3,,,
362,06/14/2019,2886.98, --,2886.82,2894.45,2879.62,,,
363,06/13/2019,2891.64, --,2886.24,2895.24,2881.99,,,
364,06/12/2019,2879.84, --,2882.73,2888.57,2874.68,,,
365,06/11/2019,2885.72, --,2903.27,2910.61,2878.53,,,
366,06/10/2019,2886.73, --,2885.83,2904.77,2885.51,,,
367,06/07/2019,2873.34, --,2852.87,2884.97,2852.87,,,
368,06/06/2019,2843.49, --,2828.51,2852.1,2822.45,,,
369,06/05/2019,2826.15, --,2818.09,2827.28,2800.92,,,
370,06/04/2019,2803.27, --,2762.64,2804.49,2762.64,,,
371,06/03/2019,2744.45, --,2751.53,2763.07,2728.81,,,
372,05/31/2019,2752.06, --,2766.15,2768.98,2750.52,,,
373,05/30/2019,2788.86, --,2786.94,2799.0,2776.74,,,
374,05/29/2019,2783.02, --,2790.25,2792.03,2766.06,,,
375,05/28/2019,2802.39, --,2830.03,2840.51,2801.58,,,
376,05/24/2019,2826.06, --,2832.41,2841.36,2820.19,,,
377,05/23/2019,2822.24, --,2836.7,2836.7,2805.49,,,
378,05/22/2019,2856.27, --,2856.06,2865.47,2851.11,,,
379,05/21/2019,2864.36, --,2854.02,2868.88,2854.02,,,
380,05/20/2019,2840.23, --,2841.94,2853.86,2831.29,,,
381,05/17/2019,2859.53, --,2858.6,2885.48,2854.23,,,
382,05/16/2019,2876.32, --,2855.8,2892.15,2855.8,,,
383,05/15/2019,2850.96, --,2820.38,2858.68,2815.08,,,
384,05/14/2019,2834.41, --,2820.12,2852.54,2820.12,,,
385,05/13/2019,2811.87, --,2840.19,2840.19,2801.43,,,
386,05/10/2019,2881.4, --,2863.1,2891.31,2825.39,,,
387,05/09/2019,2870.72, --,2859.84,2875.97,2836.4,,,
388,05/08/2019,2879.42, --,2879.61,2897.96,2873.28,,,
389,05/07/2019,2884.05, --,2913.03,2913.03,2862.6,,,
390,05/06/2019,2932.47, --,2908.89,2937.32,2898.21,,,
391,05/03/2019,2945.64, --,2929.21,2947.85,2929.21,,,
392,05/02/2019,2917.52, --,2922.16,2931.68,2900.5,,,
393,05/01/2019,2923.73, --,2952.33,2954.13,2923.36,,,
394,04/30/2019,2945.83, --,2937.14,2948.22,2924.11,,,
395,04/29/2019,2943.03, --,2940.58,2949.52,2939.35,,,
396,04/26/2019,2939.88, --,2925.81,2939.88,2917.56,,,
397,04/25/2019,2926.17, --,2928.99,2933.1,2912.84,,,
398,04/24/2019,2927.25, --,2934.0,2936.83,2926.05,,,
399,04/23/2019,2933.68, --,2909.99,2936.31,2908.53,,,
400,04/22/2019,2907.97, --,2898.78,2909.51,2896.35,,,
401,04/18/2019,2905.03, --,2904.81,2908.4,2891.9,,,
402,04/17/2019,2900.45, --,2916.04,2918.0,2895.45,,,
403,04/16/2019,2907.06, --,2912.26,2916.06,2900.71,,,
404,04/15/2019,2905.58, --,2908.32,2909.6,2896.48,,,
405,04/12/2019,2907.41, --,2900.86,2910.54,2898.37,,,
406,04/11/2019,2888.32, --,2891.92,2893.42,2881.99,,,
407,04/10/2019,2888.21, --,2881.37,2889.71,2879.13,,,
408,04/09/2019,2878.2, --,2886.58,2886.88,2873.33,,,
409,04/08/2019,2895.77, --,2888.46,2895.95,2880.78,,,
410,04/05/2019,2892.74, --,2884.16,2893.24,2882.99,,,
411,04/04/2019,2879.39, --,2873.99,2881.28,2867.14,,,
412,04/03/2019,2873.4, --,2876.09,2885.25,2865.17,,,
413,04/02/2019,2867.24, --,2868.24,2872.9,2858.75,,,
414,04/01/2019,2867.19, --,2848.63,2869.4,2848.63,,,
415,03/29/2019,2834.4, --,2828.27,2836.03,2819.23,,,
416,03/28/2019,2815.44, --,2809.4,2819.71,2798.77,,,
417,03/27/2019,2805.37, --,2819.72,2825.56,2787.72,,,
418,03/26/2019,2818.46, --,2812.66,2829.87,2803.99,,,
419,03/25/2019,2798.36, --,2796.01,2809.79,2785.02,,,
420,03/22/2019,2800.71, --,2844.52,2846.16,2800.47,,,
421,03/21/2019,2854.88, --,2819.72,2860.31,2817.38,,,
422,03/20/2019,2824.23, --,2831.34,2843.54,2812.43,,,
423,03/19/2019,2832.57, --,2840.76,2852.42,2823.27,,,
424,03/18/2019,2832.94, --,2822.61,2835.41,2821.99,,,
425,03/15/2019,2822.48, --,2810.79,2830.73,2810.79,,,
426,03/14/2019,2808.48, --,2810.38,2815.0,2803.46,,,
427,03/13/2019,2810.92, --,2799.78,2821.24,2799.78,,,
428,03/12/2019,2791.52, --,2787.34,2798.32,2786.73,,,
429,03/11/2019,2783.3, --,2747.61,2784.0,2747.61,,,
430,03/08/2019,2743.07, --,2730.79,2744.13,2722.27,,,
431,03/07/2019,2748.93, --,2766.53,2767.25,2739.09,,,
432,03/06/2019,2771.45, --,2790.27,2790.27,2768.69,,,
433,03/05/2019,2789.65, --,2794.41,2796.44,2782.97,,,
434,03/04/2019,2792.81, --,2814.37,2816.88,2767.66,,,
435,03/01/2019,2803.69, --,2798.22,2808.02,2787.38,,,
436,02/28/2019,2784.49, --,2788.11,2793.73,2782.51,,,
437,02/27/2019,2792.38, --,2787.5,2795.76,2775.13,,,
438,02/26/2019,2793.9, --,2792.36,2803.12,2789.47,,,
439,02/25/2019,2796.11, --,2804.35,2813.49,2794.99,,,
440,02/22/2019,2792.67, --,2780.67,2794.2,2779.11,,,
441,02/21/2019,2774.88, --,2780.24,2781.58,2764.55,,,
442,02/20/2019,2784.7, --,2779.05,2789.88,2774.06,,,
443,02/19/2019,2779.76, --,2769.28,2787.33,2767.29,,,
444,02/15/2019,2775.6, --,2760.24,2775.66,2760.24,,,
445,02/14/2019,2745.73, --,2743.5,2757.9,2731.23,,,
446,02/13/2019,2753.03, --,2750.3,2761.85,2748.63,,,
447,02/12/2019,2744.73, --,2722.61,2748.19,2722.61,,,
448,02/11/2019,2709.8, --,2712.4,2718.05,2703.79,,,
449,02/08/2019,2707.88, --,2692.36,2708.07,2681.83,,,
450,02/07/2019,2706.05, --,2717.53,2719.32,2687.26,,,
451,02/06/2019,2731.61, --,2735.05,2738.08,2724.15,,,
452,02/05/2019,2737.7, --,2728.34,2738.98,2724.03,,,
453,02/04/2019,2724.87, --,2706.49,2724.99,2698.75,,,
454,02/01/2019,2706.53, --,2702.32,2716.66,2696.88,,,
455,01/31/2019,2704.1, --,2685.49,2708.95,2678.65,,,
456,01/30/2019,2681.05, --,2653.62,2690.44,2648.34,,,
457,01/29/2019,2640.0, --,2644.89,2650.93,2631.05,,,
458,01/28/2019,2643.85, --,2644.97,2644.97,2624.06,,,
459,01/25/2019,2664.76, --,2657.44,2672.38,2657.33,,,
460,01/24/2019,2642.33, --,2638.84,2647.2,2627.01,,,
461,01/23/2019,2638.7, --,2643.48,2653.19,2612.86,,,
462,01/22/2019,2632.9, --,2657.88,2657.88,2617.27,,,
463,01/18/2019,2670.71, --,2651.27,2675.47,2647.58,,,
464,01/17/2019,2635.96, --,2609.28,2645.06,2606.36,,,
465,01/16/2019,2616.1, --,2614.75,2625.76,2612.68,,,
466,01/15/2019,2610.3, --,2585.1,2613.08,2585.1,,,
467,01/14/2019,2582.61, --,2580.31,2589.32,2570.41,,,
468,01/11/2019,2596.26, --,2588.11,2596.27,2577.4,,,
469,01/10/2019,2596.64, --,2573.51,2597.82,2562.02,,,
470,01/09/2019,2584.96, --,2580.0,2595.32,2568.89,,,
471,01/08/2019,2574.41, --,2568.11,2579.82,2547.56,,,
472,01/07/2019,2549.69, --,2535.61,2566.16,2524.56,,,
473,01/04/2019,2531.94, --,2474.33,2538.07,2474.33,,,
474,01/03/2019,2447.89, --,2491.92,2493.14,2443.96,,,
475,01/02/2019,2510.03, --,2476.96,2519.49,2467.47,,,
476,12/31/2018,2506.85, --,2498.94,2509.24,2482.82,,,
477,12/28/2018,2485.74, --,2498.77,2520.27,2472.89,,,
478,12/27/2018,2488.83, --,2442.5,2489.1,2397.94,,,
479,12/26/2018,2467.7, --,2363.12,2467.76,2346.58,,,
480,12/24/2018,2351.1, --,2400.56,2410.34,2351.1,,,
481,12/21/2018,2416.62, --,2465.38,2504.41,2408.55,,,
482,12/20/2018,2467.42, --,2496.77,2509.63,2441.18,,,
483,12/19/2018,2506.96, --,2547.05,2585.29,2488.96,,,
484,12/18/2018,2546.16, --,2559.9,2573.99,2528.71,,,
485,12/17/2018,2545.94, --,2590.75,2601.13,2530.54,,,
486,12/14/2018,2599.95, --,2629.68,2635.07,2593.84,,,
487,12/13/2018,2650.54, --,2658.7,2670.19,2637.27,,,
488,12/12/2018,2651.07, --,2658.23,2685.44,2650.26,,,
489,12/11/2018,2636.78, --,2664.44,2674.35,2621.3,,,
490,12/10/2018,2637.72, --,2630.86,2647.51,2583.23,,,
491,12/07/2018,2633.08, --,2691.26,2708.54,2623.14,,,
492,12/06/2018,2695.95, --,2663.51,2696.15,2621.53,,,
493,12/04/2018,2700.06, --,2782.43,2785.93,2697.18,,,
494,12/03/2018,2790.37, --,2790.5,2800.18,2773.38,,,
495,11/30/2018,2760.17, --,2737.76,2760.88,2732.76,,,
496,11/29/2018,2737.76, --,2736.97,2753.75,2722.94,,,
497,11/28/2018,2743.79, --,2691.45,2744.0,2684.38,,,
498,11/27/2018,2682.17, --,2663.75,2682.53,2655.89,,,
499,11/26/2018,2673.45, --,2649.97,2674.35,2649.97,,,
500,11/23/2018,2632.56, --,2633.36,2647.55,2631.09,,,
501,11/21/2018,2649.93, --,2657.74,2670.73,2649.82,,,
502,11/20/2018,2641.89, --,2654.6,2669.44,2631.52,,,
503,11/19/2018,2690.73, --,2730.74,2733.16,2681.09,,,
504,11/16/2018,2736.27, --,2718.54,2746.75,2712.16,,,
505,11/15/2018,2730.2, --,2693.52,2735.38,2670.75,,,
506,11/14/2018,2701.58, --,2737.9,2746.8,2685.75,,,
507,11/13/2018,2722.18, --,2730.05,2754.6,2714.98,,,
508,11/12/2018,2726.22, --,2773.93,2775.99,2722.0,,,
509,11/09/2018,2781.01, --,2794.1,2794.1,2764.24,,,
510,11/08/2018,2806.83, --,2806.38,2814.75,2794.99,,,
511,11/07/2018,2813.89, --,2774.13,2815.15,2774.13,,,
512,11/06/2018,2755.45, --,2738.4,2756.82,2737.08,,,
513,11/05/2018,2738.31, --,2726.37,2744.27,2717.94,,,
514,11/02/2018,2723.06, --,2745.45,2756.55,2700.44,,,
515,11/01/2018,2740.37, --,2717.58,2741.67,2708.85,,,
516,10/31/2018,2711.74, --,2705.6,2736.69,2705.6,,,
517,10/30/2018,2682.63, --,2640.68,2685.43,2635.34,,,
518,10/29/2018,2641.25, --,2682.65,2706.85,2603.54,,,
519,10/26/2018,2658.69, --,2667.86,2692.38,2628.16,,,
520,10/25/2018,2705.57, --,2674.88,2722.7,2667.84,,,
521,10/24/2018,2656.1, --,2737.87,2742.59,2651.89,,,
522,10/23/2018,2740.69, --,2721.03,2753.59,2691.43,,,
523,10/22/2018,2755.88, --,2773.94,2778.94,2749.22,,,
524,10/19/2018,2767.78, --,2775.66,2797.77,2760.27,,,
525,10/18/2018,2768.78, --,2802.0,2806.04,2755.18,,,
526,10/17/2018,2809.21, --,2811.67,2816.94,2781.81,,,
527,10/16/2018,2809.92, --,2767.05,2813.46,2766.91,,,
528,10/15/2018,2750.79, --,2763.83,2775.99,2749.03,,,
529,10/12/2018,2767.13, --,2770.54,2775.77,2729.44,,,
530,10/11/2018,2728.37, --,2776.87,2795.14,2710.51,,,
531,10/10/2018,2785.68, --,2873.9,2874.02,2784.86,,,
532,10/09/2018,2880.34, --,2882.51,2894.83,2874.27,,,
533,10/08/2018,2884.43, --,2877.53,2889.45,2862.08,,,
534,10/05/2018,2885.57, --,2902.54,2909.64,2869.29,,,
535,10/04/2018,2901.61, --,2919.35,2919.78,2883.92,,,
536,10/03/2018,2925.51, --,2931.69,2939.86,2921.36,,,
537,10/02/2018,2923.43, --,2923.8,2931.42,2919.37,,,
538,10/01/2018,2924.59, --,2926.29,2937.06,2917.91,,,
539,09/28/2018,2913.98, --,2910.03,2920.53,2907.5,,,
540,09/27/2018,2914.0, --,2911.65,2927.22,2909.27,,,
541,09/26/2018,2905.97, --,2916.98,2931.15,2903.28,,,
542,09/25/2018,2915.56, --,2921.75,2923.95,2913.7,,,
543,09/24/2018,2919.37, --,2921.83,2923.79,2912.63,,,
544,09/21/2018,2929.67, --,2936.76,2940.91,2927.11,,,
545,09/20/2018,2930.75, --,2919.73,2934.8,2919.73,,,
546,09/19/2018,2907.95, --,2906.6,2912.36,2903.82,,,
547,09/18/2018,2904.31, --,2890.74,2911.17,2890.43,,,
548,09/17/2018,2888.8, --,2903.83,2904.65,2886.16,,,
549,09/14/2018,2904.98, --,2906.38,2908.3,2895.77,,,
550,09/13/2018,2904.18, --,2896.85,2906.76,2896.39,,,
551,09/12/2018,2888.92, --,2888.29,2894.65,2879.2,,,
552,09/11/2018,2887.89, --,2871.57,2892.52,2866.78,,,
553,09/10/2018,2877.13, --,2881.39,2886.93,2875.94,,,
554,09/07/2018,2871.68, --,2868.26,2883.81,2864.12,,,
555,09/06/2018,2878.05, --,2888.64,2892.05,2867.29,,,
556,09/05/2018,2888.6, --,2891.59,2894.21,2876.92,,,
557,09/04/2018,2896.72, --,2896.96,2900.18,2885.13,,,
558,08/31/2018,2901.52, --,2898.37,2906.32,2891.73,,,
559,08/30/2018,2901.13, --,2908.94,2912.46,2895.22,,,
560,08/29/2018,2914.04, --,2900.62,2916.5,2898.4,,,
561,08/28/2018,2897.52, --,2901.45,2903.77,2893.5,,,
562,08/27/2018,2896.74, --,2884.69,2898.25,2884.69,,,
563,08/24/2018,2874.69, --,2862.35,2876.16,2862.35,,,
564,08/23/2018,2856.98, --,2860.29,2868.78,2854.03,,,
565,08/22/2018,2861.82, --,2860.99,2867.54,2856.05,,,
566,08/21/2018,2862.96, --,2861.51,2873.23,2861.32,,,
567,08/20/2018,2857.05, --,2853.93,2859.76,2850.62,,,
568,08/17/2018,2850.13, --,2838.32,2855.63,2833.73,,,
569,08/16/2018,2840.69, --,2831.44,2850.49,2831.44,,,
570,08/15/2018,2818.37, --,2827.95,2827.95,2802.49,,,
571,08/14/2018,2839.96, --,2827.88,2843.11,2826.58,,,
572,08/13/2018,2821.93, --,2835.46,2843.4,2819.88,,,
573,08/10/2018,2833.28, --,2839.64,2842.2,2825.81,,,
574,08/09/2018,2853.58, --,2857.19,2862.48,2851.98,,,
575,08/08/2018,2857.7, --,2856.79,2862.44,2853.09,,,
576,08/07/2018,2858.45, --,2855.92,2863.43,2855.92,,,
577,08/06/2018,2850.4, --,2840.29,2853.29,2835.98,,,
578,08/03/2018,2840.35, --,2829.62,2840.38,2827.37,,,
579,08/02/2018,2827.22, --,2800.48,2829.91,2796.34,,,
580,08/01/2018,2813.36, --,2821.17,2825.83,2805.85,,,
581,07/31/2018,2816.29, --,2809.73,2824.46,2808.06,,,
582,07/30/2018,2802.6, --,2819.0,2821.74,2798.11,,,
583,07/27/2018,2818.82, --,2842.35,2843.17,2808.34,,,
584,07/26/2018,2837.44, --,2835.49,2845.57,2835.26,,,
585,07/25/2018,2846.07, --,2817.73,2848.03,2817.73,,,
586,07/24/2018,2820.4, --,2820.68,2829.99,2811.12,,,
587,07/23/2018,2806.98, --,2799.17,2808.61,2795.14,,,
588,07/20/2018,2801.83, --,2804.55,2809.7,2800.01,,,
589,07/19/2018,2804.49, --,2809.37,2812.05,2799.77,,,
590,07/18/2018,2815.62, --,2811.35,2816.76,2805.89,,,
591,07/17/2018,2809.55, --,2789.34,2814.19,2789.24,,,
592,07/16/2018,2798.43, --,2801.43,2803.71,2793.39,,,
593,07/13/2018,2801.31, --,2796.93,2804.53,2791.69,,,
594,07/12/2018,2798.29, --,2783.14,2799.22,2781.53,,,
595,07/11/2018,2774.02, --,2779.82,2785.91,2770.77,,,
596,07/10/2018,2793.84, --,2788.56,2795.58,2786.24,,,
597,07/09/2018,2784.17, --,2768.51,2784.65,2768.51,,,
598,07/06/2018,2759.82, --,2737.68,2764.41,2733.52,,,
599,07/05/2018,2736.61, --,2724.19,2737.83,2716.02,,,
600,07/03/2018,2713.22, --,2733.27,2736.58,2711.16,,,
601,07/02/2018,2726.71, --,2704.95,2727.26,2698.95,,,
602,06/29/2018,2718.37, --,2727.13,2743.26,2718.03,,,
603,06/28/2018,2716.31, --,2698.69,2724.34,2691.99,,,
604,06/27/2018,2699.63, --,2728.45,2746.09,2699.38,,,
605,06/26/2018,2723.06, --,2722.12,2732.91,2715.6,,,
606,06/25/2018,2717.07, --,2742.94,2742.94,2698.67,,,
607,06/22/2018,2754.88, --,2760.79,2764.17,2752.68,,,
608,06/21/2018,2749.76, --,2769.28,2769.28,2744.39,,,
609,06/20/2018,2767.32, --,2769.73,2774.86,2763.91,,,
610,06/19/2018,2762.59, --,2752.01,2765.05,2743.19,,,
611,06/18/2018,2773.75, --,2765.79,2774.99,2757.12,,,
612,06/15/2018,2779.66, --,2777.78,2782.81,2761.73,,,
613,06/14/2018,2782.49, --,2783.21,2789.06,2776.52,,,
614,06/13/2018,2775.63, --,2787.94,2791.47,2774.65,,,
615,06/12/2018,2786.85, --,2785.6,2789.8,2778.78,,,
616,06/11/2018,2782.0, --,2780.18,2790.21,2780.17,,,
617,06/08/2018,2779.03, --,2765.84,2779.39,2763.59,,,
618,06/07/2018,2770.37, --,2774.84,2779.9,2760.16,,,
619,06/06/2018,2772.35, --,2753.25,2772.39,2748.46,,,
620,06/05/2018,2748.8, --,2748.46,2752.61,2739.51,,,
621,06/04/2018,2746.87, --,2741.67,2749.16,2740.54,,,
622,06/01/2018,2734.62, --,2718.7,2736.93,2718.7,,,
623,05/31/2018,2705.27, --,2720.98,2722.5,2700.68,,,
624,05/30/2018,2724.01, --,2702.43,2729.34,2702.43,,,
625,05/29/2018,2689.86, --,2705.11,2710.67,2676.81,,,
626,05/25/2018,2721.33, --,2723.6,2727.36,2714.99,,,
627,05/24/2018,2727.76, --,2730.94,2731.97,2707.38,,,
628,05/23/2018,2733.29, --,2713.98,2733.33,2709.54,,,
629,05/22/2018,2724.44, --,2738.34,2742.24,2721.88,,,
630,05/21/2018,2733.01, --,2725.95,2739.19,2725.7,,,
631,05/18/2018,2712.97, --,2717.35,2719.5,2709.18,,,
632,05/17/2018,2720.13, --,2719.71,2731.96,2711.36,,,
633,05/16/2018,2722.46, --,2712.62,2727.76,2712.17,,,
634,05/15/2018,2711.45, --,2718.59,2718.59,2701.91,,,
635,05/14/2018,2730.13, --,2733.37,2742.1,2725.47,,,
636,05/11/2018,2727.72, --,2722.7,2732.86,2717.45,,,
637,05/10/2018,2723.07, --,2705.02,2726.11,2704.54,,,
638,05/09/2018,2697.79, --,2678.12,2701.27,2674.14,,,
639,05/08/2018,2671.92, --,2670.26,2676.34,2655.2,,,
640,05/07/2018,2672.63, --,2669.36,2683.35,2664.7,,,
641,05/04/2018,2663.42, --,2621.45,2670.93,2615.32,,,
642,05/03/2018,2629.73, --,2628.08,2637.14,2594.62,,,
643,05/02/2018,2635.67, --,2654.24,2660.87,2631.7,,,
644,05/01/2018,2654.8, --,2643.64,2655.27,2625.41,,,
645,04/30/2018,2648.05, --,2675.05,2682.92,2648.04,,,
646,04/27/2018,2669.91, --,2675.47,2677.35,2659.01,,,
647,04/26/2018,2666.94, --,2651.65,2676.48,2647.16,,,
648,04/25/2018,2639.4, --,2634.92,2645.3,2612.67,,,
649,04/24/2018,2634.56, --,2680.8,2683.55,2617.32,,,
650,04/23/2018,2670.29, --,2675.4,2682.86,2657.99,,,
651,04/20/2018,2670.14, --,2692.56,2693.94,2660.61,,,
652,04/19/2018,2693.13, --,2701.16,2702.84,2681.9,,,
653,04/18/2018,2708.64, --,2710.11,2717.49,2703.63,,,
654,04/17/2018,2706.39, --,2692.74,2713.34,2692.05,,,
655,04/16/2018,2677.84, --,2670.1,2686.49,2665.16,,,
656,04/13/2018,2656.3, --,2676.9,2680.26,2645.05,,,
657,04/12/2018,2663.99, --,2653.83,2674.72,2653.83,,,
658,04/11/2018,2642.19, --,2643.89,2661.43,2639.25,,,
659,04/10/2018,2656.87, --,2638.41,2665.45,2635.78,,,
660,04/09/2018,2613.16, --,2617.18,2653.55,2610.79,,,
661,04/06/2018,2604.47, --,2645.82,2656.88,2586.27,,,
662,04/05/2018,2662.84, --,2657.36,2672.08,2649.58,,,
663,04/04/2018,2644.69, --,2584.04,2649.86,2573.61,,,
664,04/03/2018,2614.45, --,2592.17,2619.14,2575.49,,,
665,04/02/2018,2581.88, --,2633.45,2638.3,2553.8,,,
666,03/29/2018,2640.87, --,2614.41,2659.07,2609.72,,,
667,03/28/2018,2605.0, --,2611.3,2632.65,2593.06,,,
668,03/27/2018,2612.62, --,2667.57,2674.78,2596.12,,,
669,03/26/2018,2658.55, --,2619.35,2661.36,2601.81,,,
670,03/23/2018,2588.26, --,2646.71,2657.67,2585.89,,,
671,03/22/2018,2643.69, --,2691.36,2695.68,2641.59,,,
672,03/21/2018,2711.93, --,2714.99,2739.14,2709.79,,,
673,03/20/2018,2716.94, --,2715.05,2724.22,2710.05,,,
674,03/19/2018,2712.92, --,2741.38,2741.38,2694.59,,,
675,03/16/2018,2752.01, --,2750.57,2761.85,2749.97,,,
676,03/15/2018,2747.33, --,2754.27,2763.03,2741.47,,,
677,03/14/2018,2749.48, --,2774.06,2777.11,2744.38,,,
678,03/13/2018,2765.31, --,2792.31,2801.9,2758.68,,,
679,03/12/2018,2783.02, --,2790.54,2796.98,2779.26,,,
680,03/09/2018,2786.57, --,2752.91,2786.57,2751.54,,,
681,03/08/2018,2738.97, --,2732.75,2740.45,2722.65,,,
682,03/07/2018,2726.8, --,2710.18,2730.6,2701.74,,,
683,03/06/2018,2728.12, --,2730.18,2732.08,2711.26,,,
684,03/05/2018,2720.94, --,2681.06,2728.09,2675.75,,,
685,03/02/2018,2691.25, --,2658.89,2696.25,2647.32,,,
686,03/01/2018,2677.67, --,2715.22,2730.89,2659.65,,,
687,02/28/2018,2713.83, --,2753.78,2761.52,2713.54,,,
688,02/27/2018,2744.28, --,2780.45,2789.15,2744.22,,,
689,02/26/2018,2779.6, --,2757.37,2780.64,2753.78,,,
690,02/23/2018,2747.3, --,2715.8,2747.76,2713.74,,,
691,02/22/2018,2703.96, --,2710.42,2731.26,2697.77,,,
692,02/21/2018,2701.33, --,2720.53,2747.75,2701.29,,,
693,02/20/2018,2716.26, --,2722.99,2737.6,2706.76,,,
694,02/16/2018,2732.22, --,2727.14,2754.42,2725.11,,,
695,02/15/2018,2731.2, --,2713.46,2731.51,2689.82,,,
696,02/14/2018,2698.63, --,2651.21,2702.1,2648.87,,,
697,02/13/2018,2662.94, --,2646.27,2668.84,2637.08,,,
698,02/12/2018,2656.0, --,2636.75,2672.61,2622.45,,,
699,02/09/2018,2619.55, --,2601.78,2638.67,2532.69,,,
700,02/08/2018,2581.0, --,2685.01,2685.27,2580.56,,,
701,02/07/2018,2681.66, --,2690.95,2727.67,2681.33,,,
702,02/06/2018,2695.14, --,2614.78,2701.04,2593.07,,,
703,02/05/2018,2648.94, --,2741.06,2763.39,2638.17,,,
704,02/02/2018,2762.13, --,2808.92,2808.92,2759.97,,,
705,02/01/2018,2821.98, --,2816.45,2835.96,2812.7,,,
706,01/31/2018,2823.81, --,2832.41,2839.26,2813.04,,,
707,01/30/2018,2822.43, --,2832.74,2837.75,2818.27,,,
708,01/29/2018,2853.53, --,2867.23,2870.62,2851.48,,,
709,01/26/2018,2872.87, --,2847.48,2872.87,2846.18,,,
710,01/25/2018,2839.25, --,2846.24,2848.56,2830.94,,,
711,01/24/2018,2837.54, --,2845.42,2852.97,2824.81,,,
712,01/23/2018,2839.13, --,2835.05,2842.24,2830.59,,,
713,01/22/2018,2832.97, --,2809.16,2833.03,2808.12,,,
714,01/19/2018,2810.3, --,2802.6,2810.33,2798.08,,,
715,01/18/2018,2798.03, --,2802.4,2805.83,2792.56,,,
716,01/17/2018,2802.56, --,2784.99,2807.04,2778.38,,,
717,01/16/2018,2776.42, --,2798.96,2807.54,2768.64,,,
718,01/12/2018,2786.24, --,2770.18,2787.85,2769.64,,,
719,01/11/2018,2767.56, --,2752.97,2767.56,2752.78,,,
720,01/10/2018,2748.23, --,2745.55,2750.8,2736.06,,,
721,01/09/2018,2751.29, --,2751.15,2759.14,2747.86,,,
722,01/08/2018,2747.71, --,2742.67,2748.51,2737.6,,,
723,01/05/2018,2743.15, --,2731.33,2743.45,2727.92,,,
724,01/04/2018,2723.99, --,2719.31,2729.29,2719.07,,,
725,01/03/2018,2713.06, --,2697.85,2714.37,2697.77,,,
726,01/02/2018,2695.81, --,2683.73,2695.89,2682.36,,,
727,12/29/2017,2673.61, --,2689.15,2692.12,2673.61,,,
728,12/28/2017,2687.54, --,2686.1,2687.66,2682.69,,,
729,12/27/2017,2682.62, --,2682.1,2685.64,2678.91,,,
730,12/26/2017,2680.5, --,2679.09,2682.74,2677.96,,,
731,12/22/2017,2683.34, --,2684.22,2685.35,2678.13,,,
732,12/21/2017,2684.57, --,2683.02,2692.64,2682.4,,,
733,12/20/2017,2679.25, --,2688.18,2691.01,2676.11,,,
734,12/19/2017,2681.47, --,2692.71,2694.44,2680.74,,,
735,12/18/2017,2690.16, --,2685.92,2694.97,2685.92,,,
736,12/15/2017,2675.81, --,2660.63,2679.63,2659.14,,,
737,12/14/2017,2652.01, --,2665.87,2668.09,2652.01,,,
738,12/13/2017,2662.85, --,2667.59,2671.88,2662.85,,,
739,12/12/2017,2664.11, --,2661.73,2669.72,2659.78,,,
740,12/11/2017,2659.99, --,2652.19,2660.33,2651.47,,,
741,12/08/2017,2651.5, --,2646.21,2651.65,2644.1,,,
742,12/07/2017,2636.98, --,2628.38,2640.99,2626.53,,,
743,12/06/2017,2629.27, --,2626.24,2634.41,2624.75,,,
744,12/05/2017,2629.57, --,2639.78,2648.72,2627.73,,,
745,12/04/2017,2639.44, --,2657.19,2665.19,2639.03,,,
746,12/01/2017,2642.22, --,2645.1,2650.62,2605.52,,,
747,11/30/2017,2647.58, --,2633.93,2657.74,2633.93,,,
748,11/29/2017,2626.07, --,2627.82,2634.89,2620.32,,,
749,11/28/2017,2627.04, --,2605.94,2627.69,2605.44,,,
750,11/27/2017,2601.42, --,2602.66,2606.41,2598.87,,,
751,11/24/2017,2602.42, --,2600.42,2604.21,2600.42,,,
752,11/22/2017,2597.08, --,2600.31,2600.94,2595.23,,,
753,11/21/2017,2599.03, --,2589.17,2601.19,2589.17,,,
754,11/20/2017,2582.14, --,2579.49,2584.64,2578.24,,,
755,11/17/2017,2578.85, --,2582.94,2583.96,2577.62,,,
756,11/16/2017,2585.64, --,2572.95,2590.09,2572.95,,,
757,11/15/2017,2564.62, --,2569.45,2572.84,2557.45,,,
758,11/14/2017,2578.87, --,2577.75,2579.66,2566.56,,,
759,11/13/2017,2584.84, --,2576.53,2587.66,2574.48,,,
760,11/10/2017,2582.3, --,2580.18,2583.81,2575.57,,,
761,11/09/2017,2584.62, --,2584.0,2586.5,2566.33,,,
762,11/08/2017,2594.38, --,2588.71,2595.47,2585.02,,,
763,11/07/2017,2590.64, --,2592.11,2597.02,2584.35,,,
764,11/06/2017,2591.13, --,2587.47,2593.38,2585.66,,,
765,11/03/2017,2587.84, --,2581.93,2588.42,2576.77,,,
766,11/02/2017,2579.85, --,2579.46,2581.11,2566.17,,,
767,11/01/2017,2579.36, --,2583.21,2588.4,2574.92,,,
768,10/31/2017,2575.26, --,2575.99,2578.29,2572.15,,,
769,10/30/2017,2572.83, --,2577.75,2580.03,2568.25,,,
770,10/27/2017,2581.07, --,2570.26,2582.98,2565.94,,,
771,10/26/2017,2560.4, --,2560.08,2567.07,2559.8,,,
772,10/25/2017,2557.15, --,2566.52,2567.4,2544.0,,,
773,10/24/2017,2569.13, --,2568.66,2572.18,2565.58,,,
774,10/23/2017,2564.98, --,2578.08,2578.29,2564.33,,,
775,10/20/2017,2575.21, --,2567.56,2575.44,2567.56,,,
776,10/19/2017,2562.1, --,2553.39,2562.36,2547.92,,,
777,10/18/2017,2561.26, --,2562.87,2564.11,2559.67,,,
778,10/17/2017,2559.36, --,2557.17,2559.71,2554.69,,,
779,10/16/2017,2557.64, --,2555.57,2559.47,2552.64,,,
780,10/13/2017,2553.17, --,2555.66,2557.65,2552.09,,,
781,10/12/2017,2550.93, --,2552.88,2555.33,2548.31,,,
782,10/11/2017,2555.24, --,2550.62,2555.24,2547.95,,,
783,10/10/2017,2550.64, --,2549.99,2555.23,2544.86,,,
784,10/09/2017,2544.73, --,2551.39,2551.82,2541.6,,,
785,10/06/2017,2549.33, --,2547.44,2549.41,2543.79,,,
786,10/05/2017,2552.07, --,2540.86,2552.51,2540.02,,,
787,10/04/2017,2537.74, --,2533.48,2540.53,2531.8,,,
788,10/03/2017,2534.58, --,2530.34,2535.13,2528.85,,,
789,10/02/2017,2529.12, --,2521.2,2529.23,2520.4,,,
790,09/29/2017,2519.36, --,2509.96,2519.44,2507.99,,,
791,09/28/2017,2510.06, --,2503.41,2510.81,2502.93,,,
792,09/27/2017,2507.04, --,2503.3,2511.75,2495.91,,,
793,09/26/2017,2496.84, --,2501.04,2503.51,2495.12,,,
794,09/25/2017,2496.66, --,2499.39,2502.54,2488.03,,,
795,09/22/2017,2502.22, --,2497.26,2503.47,2496.54,,,
796,09/21/2017,2500.6, --,2507.16,2507.16,2499.0,,,
797,09/20/2017,2508.24, --,2506.84,2508.85,2496.67,,,
798,09/19/2017,2506.65, --,2506.29,2507.84,2503.19,,,
799,09/18/2017,2503.87, --,2502.51,2508.32,2499.92,,,
800,09/15/2017,2500.23, --,2495.67,2500.23,2493.16,,,
801,09/14/2017,2495.62, --,2494.56,2498.43,2491.35,,,
802,09/13/2017,2498.37, --,2493.89,2498.37,2492.14,,,
803,09/12/2017,2496.48, --,2491.94,2496.77,2490.37,,,
804,09/11/2017,2488.11, --,2474.52,2488.95,2474.52,,,
805,09/08/2017,2461.43, --,2462.25,2467.11,2459.4,,,
806,09/07/2017,2465.1, --,2468.06,2468.62,2460.29,,,
807,09/06/2017,2465.54, --,2463.83,2469.64,2459.2,,,
808,09/05/2017,2457.85, --,2470.35,2471.97,2446.55,,,
809,09/01/2017,2476.55, --,2474.42,2480.38,2473.85,,,
810,08/31/2017,2471.65, --,2462.65,2475.01,2462.65,,,
811,08/30/2017,2457.59, --,2446.06,2460.31,2443.77,,,
812,08/29/2017,2446.3, --,2431.94,2449.19,2428.2,,,
813,08/28/2017,2444.24, --,2447.35,2449.12,2439.03,,,
814,08/25/2017,2443.05, --,2444.72,2453.96,2442.22,,,
815,08/24/2017,2438.97, --,2447.91,2450.39,2436.19,,,
816,08/23/2017,2444.04, --,2444.88,2448.91,2441.42,,,
817,08/22/2017,2452.51, --,2433.75,2454.77,2433.67,,,
818,08/21/2017,2428.37, --,2425.5,2430.58,2417.35,,,
819,08/18/2017,2425.55, --,2427.64,2440.27,2420.69,,,
820,08/17/2017,2430.01, --,2462.95,2465.02,2430.01,,,
821,08/16/2017,2468.11, --,2468.63,2474.93,2463.86,,,
822,08/15/2017,2464.61, --,2468.66,2468.9,2461.61,,,
823,08/14/2017,2465.84, --,2454.96,2468.22,2454.96,,,
824,08/11/2017,2441.32, --,2441.04,2448.09,2437.85,,,
825,08/10/2017,2438.21, --,2465.38,2465.38,2437.75,,,
826,08/09/2017,2474.02, --,2465.35,2474.41,2462.08,,,
827,08/08/2017,2474.92, --,2478.35,2490.87,2470.32,,,
828,08/07/2017,2480.91, --,2477.14,2480.95,2475.88,,,
829,08/04/2017,2476.83, --,2476.88,2480.0,2472.08,,,
830,08/03/2017,2472.16, --,2476.03,2476.03,2468.85,,,
831,08/02/2017,2477.57, --,2480.38,2480.38,2466.48,,,
832,08/01/2017,2476.35, --,2477.1,2478.51,2471.14,,,
833,07/31/2017,2470.3, --,2475.94,2477.96,2468.53,,,
834,07/28/2017,2472.1, --,2469.12,2473.53,2464.66,,,
835,07/27/2017,2475.42, --,2482.76,2484.04,2459.93,,,
836,07/26/2017,2477.83, --,2479.97,2481.69,2474.94,,,
837,07/25/2017,2477.13, --,2477.88,2481.24,2474.91,,,
838,07/24/2017,2469.91, --,2472.04,2473.1,2466.32,,,
839,07/21/2017,2472.54, --,2467.4,2472.54,2465.06,,,
840,07/20/2017,2473.45, --,2475.56,2477.62,2468.43,,,
841,07/19/2017,2473.83, --,2463.85,2473.83,2463.85,,,
842,07/18/2017,2460.61, --,2455.88,2460.92,2450.34,,,
843,07/17/2017,2459.14, --,2459.5,2462.82,2457.16,,,
844,07/14/2017,2459.27, --,2449.16,2463.54,2446.69,,,
845,07/13/2017,2447.83, --,2444.99,2449.32,2441.69,,,
846,07/12/2017,2443.25, --,2435.75,2445.76,2435.75,,,
847,07/11/2017,2425.53, --,2427.35,2429.3,2412.79,,,
848,07/10/2017,2427.43, --,2424.51,2432.0,2422.27,,,
849,07/07/2017,2425.18, --,2413.52,2426.92,2413.52,,,
850,07/06/2017,2409.75, --,2423.44,2424.28,2407.7,,,
851,07/05/2017,2432.54, --,2430.78,2434.9,2422.05,,,
852,07/03/2017,2429.01, --,2431.39,2439.17,2428.69,,,
853,06/30/2017,2423.41, --,2429.2,2432.71,2421.65,,,
854,06/29/2017,2419.7, --,2442.38,2442.73,2405.7,,,
855,06/28/2017,2440.69, --,2428.7,2442.97,2428.02,,,
856,06/27/2017,2419.38, --,2436.34,2440.15,2419.38,,,
857,06/26/2017,2439.07, --,2443.32,2450.42,2437.03,,,
858,06/23/2017,2438.3, --,2434.65,2441.4,2431.11,,,
859,06/22/2017,2434.5, --,2437.4,2441.62,2433.27,,,
860,06/21/2017,2435.61, --,2439.31,2442.23,2430.74,,,
861,06/20/2017,2437.03, --,2450.66,2450.66,2436.6,,,
862,06/19/2017,2453.46, --,2442.55,2453.82,2441.79,,,
863,06/16/2017,2433.15, --,2431.24,2433.15,2422.88,,,
864,06/15/2017,2432.46, --,2424.14,2433.95,2418.53,,,
865,06/14/2017,2437.92, --,2443.75,2443.75,2428.34,,,
866,06/13/2017,2440.35, --,2434.15,2441.49,2431.28,,,
867,06/12/2017,2429.39, --,2425.88,2430.38,2419.97,,,
868,06/09/2017,2431.77, --,2436.39,2446.2,2415.7,,,
869,06/08/2017,2433.79, --,2434.27,2439.27,2427.94,,,
870,06/07/2017,2433.14, --,2432.03,2435.28,2424.75,,,
871,06/06/2017,2429.33, --,2431.92,2436.21,2428.12,,,
872,06/05/2017,2436.1, --,2437.83,2439.55,2434.32,,,
873,06/02/2017,2439.07, --,2431.28,2440.23,2427.71,,,
874,06/01/2017,2430.06, --,2415.65,2430.06,2413.54,,,
875,05/31/2017,2411.8, --,2415.63,2415.99,2403.59,,,
876,05/30/2017,2412.91, --,2411.67,2415.26,2409.43,,,
877,05/26/2017,2415.82, --,2414.5,2416.68,2412.2,,,
878,05/25/2017,2415.07, --,2409.54,2418.71,2408.01,,,
879,05/24/2017,2404.39, --,2401.41,2405.58,2397.99,,,
880,05/23/2017,2398.42, --,2397.04,2400.85,2393.88,,,
881,05/22/2017,2394.02, --,2387.21,2395.46,2386.92,,,
882,05/19/2017,2381.73, --,2371.37,2389.06,2370.43,,,
883,05/18/2017,2365.72, --,2354.69,2375.74,2352.72,,,
884,05/17/2017,2357.03, --,2382.95,2384.87,2356.21,,,
885,05/16/2017,2400.67, --,2404.55,2405.77,2396.05,,,
886,05/15/2017,2402.32, --,2393.98,2404.05,2393.94,,,
887,05/12/2017,2390.9, --,2392.44,2392.44,2387.19,,,
888,05/11/2017,2394.44, --,2394.84,2395.72,2381.74,,,
889,05/10/2017,2399.63, --,2396.79,2399.74,2392.79,,,
890,05/09/2017,2396.92, --,2401.58,2403.87,2392.44,,,
891,05/08/2017,2399.38, --,2399.94,2401.36,2393.92,,,
892,05/05/2017,2399.29, --,2392.37,2399.29,2389.38,,,
893,05/04/2017,2389.52, --,2389.79,2391.43,2380.35,,,
894,05/03/2017,2388.13, --,2386.5,2389.82,2379.75,,,
895,05/02/2017,2391.17, --,2391.05,2392.93,2385.82,,,
896,05/01/2017,2388.33, --,2388.5,2394.49,2384.83,,,
897,04/28/2017,2384.2, --,2393.68,2393.68,2382.36,,,
898,04/27/2017,2388.77, --,2389.7,2392.1,2382.68,,,
899,04/26/2017,2387.45, --,2388.98,2398.16,2386.76,,,
900,04/25/2017,2388.61, --,2381.51,2392.48,2381.15,,,
901,04/24/2017,2374.15, --,2370.33,2376.98,2369.19,,,
902,04/21/2017,2348.69, --,2354.74,2356.18,2344.51,,,
903,04/20/2017,2355.84, --,2342.69,2361.37,2340.91,,,
904,04/19/2017,2338.17, --,2346.79,2352.63,2335.05,,,
905,04/18/2017,2342.19, --,2342.53,2348.35,2334.54,,,
906,04/17/2017,2349.01, --,2332.62,2349.14,2332.51,,,
907,04/13/2017,2328.95, --,2341.98,2348.26,2328.95,,,
908,04/12/2017,2344.93, --,2352.15,2352.72,2341.18,,,
909,04/11/2017,2353.78, --,2353.92,2355.22,2337.25,,,
910,04/10/2017,2357.16, --,2357.16,2366.37,2351.5,,,
911,04/07/2017,2355.54, --,2356.59,2363.76,2350.74,,,
912,04/06/2017,2357.49, --,2353.79,2364.16,2348.9,,,
913,04/05/2017,2352.95, --,2366.59,2378.36,2350.52,,,
914,04/04/2017,2360.16, --,2354.76,2360.53,2350.72,,,
915,04/03/2017,2358.84, --,2362.34,2365.87,2344.73,,,
916,03/31/2017,2362.72, --,2364.82,2370.35,2362.6,,,
917,03/30/2017,2368.06, --,2361.31,2370.42,2358.58,,,
918,03/29/2017,2361.13, --,2356.54,2363.36,2352.94,,,
919,03/28/2017,2358.57, --,2339.79,2363.78,2337.63,,,
920,03/27/2017,2341.59, --,2329.11,2344.9,2322.25,,,
921,03/24/2017,2343.98, --,2350.42,2356.22,2335.74,,,
922,03/23/2017,2345.96, --,2345.97,2358.92,2342.13,,,
923,03/22/2017,2348.45, --,2343.0,2351.81,2336.45,,,
924,03/21/2017,2344.02, --,2379.32,2381.93,2341.9,,,
925,03/20/2017,2373.47, --,2378.24,2379.55,2369.66,,,
926,03/17/2017,2378.25, --,2383.71,2385.71,2377.64,,,
927,03/16/2017,2381.38, --,2387.71,2388.1,2377.18,,,
928,03/15/2017,2385.26, --,2370.34,2390.01,2368.94,,,
929,03/14/2017,2365.45, --,2368.55,2368.55,2358.18,,,
930,03/13/2017,2373.47, --,2371.56,2374.42,2368.52,,,
931,03/10/2017,2372.6, --,2372.52,2376.86,2363.04,,,
932,03/09/2017,2364.87, --,2363.49,2369.08,2354.54,,,
933,03/08/2017,2362.98, --,2369.81,2373.09,2361.01,,,
934,03/07/2017,2368.39, --,2370.74,2375.12,2365.51,,,
935,03/06/2017,2375.31, --,2375.23,2378.8,2367.98,,,
936,03/03/2017,2383.12, --,2380.92,2383.89,2375.39,,,
937,03/02/2017,2381.92, --,2394.75,2394.75,2380.17,,,
938,03/01/2017,2395.96, --,2380.13,2400.98,2380.13,,,
939,02/28/2017,2363.64, --,2366.08,2367.79,2358.96,,,
940,02/27/2017,2369.75, --,2365.23,2371.54,2361.87,,,
941,02/24/2017,2367.34, --,2355.73,2367.34,2352.87,,,
942,02/23/2017,2363.81, --,2367.5,2368.26,2355.09,,,
943,02/22/2017,2362.82, --,2361.11,2365.13,2358.34,,,
944,02/21/2017,2365.38, --,2354.91,2366.71,2354.91,,,
945,02/17/2017,2351.16, --,2343.01,2351.16,2339.58,,,
946,02/16/2017,2347.22, --,2349.64,2351.31,2338.87,,,
947,02/15/2017,2349.25, --,2335.58,2351.3,2334.81,,,
948,02/14/2017,2337.58, --,2326.12,2337.58,2322.17,,,
949,02/13/2017,2328.25, --,2321.72,2331.58,2321.42,,,
950,02/10/2017,2316.1, --,2312.27,2319.23,2311.1,,,
951,02/09/2017,2307.87, --,2296.7,2311.08,2296.61,,,
952,02/08/2017,2294.67, --,2289.55,2295.91,2285.38,,,
953,02/07/2017,2293.08, --,2295.87,2299.4,2290.16,,,
954,02/06/2017,2292.56, --,2294.28,2296.18,2288.57,,,
955,02/03/2017,2297.42, --,2288.54,2298.31,2287.88,,,
956,02/02/2017,2280.85, --,2276.69,2283.97,2271.65,,,
957,02/01/2017,2279.55, --,2285.59,2289.14,2272.44,,,
958,01/31/2017,2278.87, --,2274.02,2279.09,2267.21,,,
959,01/30/2017,2280.9, --,2286.01,2286.01,2268.04,,,
960,01/27/2017,2294.69, --,2299.02,2299.02,2291.62,,,
961,01/26/2017,2296.68, --,2298.63,2300.99,2294.08,,,
962,01/25/2017,2298.37, --,2288.88,2299.55,2288.88,,,
963,01/24/2017,2280.07, --,2267.88,2284.63,2266.68,,,
964,01/23/2017,2265.2, --,2267.78,2271.78,2257.02,,,
965,01/20/2017,2271.31, --,2269.96,2276.96,2265.01,,,
966,01/19/2017,2263.69, --,2271.9,2274.33,2258.41,,,
967,01/18/2017,2271.89, --,2269.14,2272.01,2263.35,,,
968,01/17/2017,2267.89, --,2269.14,2272.08,2262.81,,,
969,01/13/2017,2274.64, --,2272.74,2278.68,2271.51,,,
970,01/12/2017,2270.44, --,2271.14,2271.78,2254.25,,,
971,01/11/2017,2275.32, --,2268.6,2275.32,2260.83,,,
972,01/10/2017,2268.9, --,2269.72,2279.27,2265.27,,,
973,01/09/2017,2268.9, --,2273.59,2275.49,2268.9,,,
974,01/06/2017,2276.98, --,2271.14,2282.1,2264.06,,,
975,01/05/2017,2269.0, --,2268.18,2271.5,2260.45,,,
976,01/04/2017,2270.75, --,2261.6,2272.82,2261.6,,,
977,01/03/2017,2257.83, --,2251.57,2263.88,2245.13,,,
978,12/30/2016,2238.83, --,2251.61,2253.58,2233.62,,,
979,12/29/2016,2249.26, --,2249.5,2254.51,2244.56,,,
980,12/28/2016,2249.92, --,2270.23,2271.31,2249.11,,,
981,12/27/2016,2268.88, --,2266.23,2273.82,2266.15,,,
982,12/23/2016,2263.79, --,2260.25,2263.79,2258.84,,,
983,12/22/2016,2260.96, --,2262.93,2263.18,2256.08,,,
984,12/21/2016,2265.18, --,2270.54,2271.23,2265.15,,,
985,12/20/2016,2270.76, --,2266.5,2272.56,2266.14,,,
986,12/19/2016,2262.53, --,2259.24,2267.47,2258.21,,,
987,12/16/2016,2258.07, --,2266.81,2268.05,2254.24,,,
988,12/15/2016,2262.03, --,2253.77,2272.12,2253.77,,,
989,12/14/2016,2253.28, --,2268.35,2276.2,2248.44,,,
990,12/13/2016,2271.72, --,2263.32,2277.53,2263.32,,,
991,12/12/2016,2256.96, --,2258.83,2264.03,2252.37,,,
992,12/09/2016,2259.53, --,2249.73,2259.8,2249.23,,,
993,12/08/2016,2246.19, --,2241.13,2251.69,2237.57,,,
994,12/07/2016,2241.35, --,2210.72,2241.63,2208.93,,,
995,12/06/2016,2212.23, --,2207.26,2212.78,2202.21,,,
996,12/05/2016,2204.71, --,2200.65,2209.42,2199.97,,,
997,12/02/2016,2191.95, --,2191.12,2197.95,2188.37,,,
998,12/01/2016,2191.08, --,2200.17,2202.6,2187.44,,,
999,11/30/2016,2198.81, --,2204.97,2214.1,2198.81,,,
1000,11/29/2016,2204.66, --,2200.76,2210.46,2198.15,,,
1001,11/28/2016,2201.72, --,2210.21,2211.14,2200.36,,,
1002,11/25/2016,2213.35, --,2206.27,2213.35,2206.27,,,
1003,11/23/2016,2204.72, --,2198.55,2204.72,2194.51,,,
1004,11/22/2016,2202.94, --,2201.56,2204.8,2194.51,,,
1005,11/21/2016,2198.18, --,2186.43,2198.7,2186.43,,,
1006,11/18/2016,2181.9, --,2186.85,2189.89,2180.38,,,
1007,11/17/2016,2187.12, --,2178.61,2188.06,2176.65,,,
1008,11/16/2016,2176.94, --,2177.53,2179.22,2172.2,,,
1009,11/15/2016,2180.39, --,2168.29,2180.84,2166.38,,,
1010,11/14/2016,2164.2, --,2165.64,2171.36,2156.08,,,
1011,11/11/2016,2164.45, --,2162.71,2165.92,2152.49,,,
1012,11/10/2016,2167.48, --,2167.49,2182.3,2151.17,,,
1013,11/09/2016,2163.26, --,2131.56,2170.1,2125.35,,,
1014,11/08/2016,2139.56, --,2129.92,2146.87,2123.56,,,
1015,11/07/2016,2131.52, --,2100.59,2132.0,2100.59,,,
1016,11/04/2016,2085.18, --,2083.79,2099.07,2083.79,,,
1017,11/03/2016,2088.66, --,2098.8,2102.56,2085.23,,,
1018,11/02/2016,2097.94, --,2109.43,2111.76,2094.0,,,
1019,11/01/2016,2111.72, --,2128.68,2131.45,2097.85,,,
1020,10/31/2016,2126.15, --,2129.78,2133.25,2125.53,,,
1021,10/28/2016,2126.41, --,2132.23,2140.72,2119.36,,,
1022,10/27/2016,2133.04, --,2144.06,2147.13,2132.52,,,
1023,10/26/2016,2139.43, --,2136.97,2145.73,2131.59,,,
1024,10/25/2016,2143.16, --,2149.72,2151.44,2141.93,,,
1025,10/24/2016,2151.33, --,2148.5,2154.79,2146.91,,,
1026,10/21/2016,2141.16, --,2139.43,2142.63,2130.09,,,
1027,10/20/2016,2141.34, --,2142.51,2147.18,2133.44,,,
1028,10/19/2016,2144.29, --,2140.81,2148.44,2138.15,,,
1029,10/18/2016,2139.6, --,2138.31,2144.38,2135.49,,,
1030,10/17/2016,2126.5, --,2132.95,2135.61,2124.43,,,
1031,10/14/2016,2132.98, --,2139.68,2149.19,2132.98,,,
1032,10/13/2016,2132.55, --,2130.26,2138.19,2114.72,,,
1033,10/12/2016,2139.18, --,2137.67,2145.36,2132.77,,,
1034,10/11/2016,2136.73, --,2161.35,2161.56,2128.84,,,
1035,10/10/2016,2163.66, --,2160.39,2169.6,2160.39,,,
1036,10/07/2016,2153.74, --,2164.19,2165.86,2144.85,,,
1037,10/06/2016,2160.77, --,2158.22,2162.93,2150.28,,,
1038,10/05/2016,2159.73, --,2155.15,2163.95,2155.15,,,
1039,10/04/2016,2150.49, --,2163.37,2165.46,2144.01,,,
1040,10/03/2016,2161.2, --,2164.33,2164.41,2154.77,,,
1041,09/30/2016,2168.27, --,2156.51,2175.3,2156.51,,,
1042,09/29/2016,2151.13, --,2168.9,2172.67,2145.2,,,
1043,09/28/2016,2171.37, --,2161.85,2172.4,2151.79,,,
1044,09/27/2016,2159.93, --,2146.04,2161.13,2141.55,,,
1045,09/26/2016,2146.1, --,2158.54,2158.54,2145.04,,,
1046,09/23/2016,2164.69, --,2173.29,2173.75,2163.97,,,
1047,09/22/2016,2177.18, --,2170.94,2179.99,2170.94,,,
1048,09/21/2016,2163.12, --,2144.58,2165.11,2139.57,,,
1049,09/20/2016,2139.76, --,2145.94,2150.8,2139.17,,,
1050,09/19/2016,2139.12, --,2143.99,2153.61,2135.91,,,
1051,09/16/2016,2139.16, --,2146.48,2146.48,2131.2,,,
1052,09/15/2016,2147.26, --,2125.36,2151.31,2122.36,,,
1053,09/14/2016,2125.77, --,2127.86,2141.33,2119.9,,,
1054,09/13/2016,2127.02, --,2150.47,2150.47,2120.27,,,
1055,09/12/2016,2159.04, --,2120.86,2163.3,2119.12,,,
1056,09/09/2016,2127.81, --,2169.08,2169.08,2127.81,,,
1057,09/08/2016,2181.3, --,2182.76,2184.94,2177.49,,,
1058,09/07/2016,2186.16, --,2185.17,2187.87,2179.07,,,
1059,09/06/2016,2186.48, --,2181.61,2186.57,2175.1,,,
1060,09/02/2016,2179.98, --,2177.49,2184.87,2173.59,,,
1061,09/01/2016,2170.86, --,2171.33,2173.56,2157.09,,,
1062,08/31/2016,2170.95, --,2173.56,2173.79,2161.35,,,
1063,08/30/2016,2176.12, --,2179.45,2182.27,2170.41,,,
1064,08/29/2016,2180.38, --,2170.19,2183.48,2170.19,,,
1065,08/26/2016,2169.04, --,2175.1,2187.94,2160.39,,,
1066,08/25/2016,2172.47, --,2173.29,2179.0,2169.74,,,
1067,08/24/2016,2175.44, --,2185.09,2186.66,2171.25,,,
1068,08/23/2016,2186.9, --,2187.81,2193.42,2186.8,,,
1069,08/22/2016,2182.64, --,2181.58,2185.15,2175.96,,,
1070,08/19/2016,2183.87, --,2184.24,2185.0,2175.13,,,
1071,08/18/2016,2187.02, --,2181.9,2187.03,2180.46,,,
1072,08/17/2016,2182.22, --,2177.84,2183.08,2168.5,,,
1073,08/16/2016,2178.15, --,2186.24,2186.24,2178.14,,,
1074,08/15/2016,2190.15, --,2186.08,2193.81,2186.08,,,
1075,08/12/2016,2184.05, --,2183.74,2186.28,2179.42,,,
1076,08/11/2016,2185.79, --,2177.97,2188.45,2177.97,,,
1077,08/10/2016,2175.49, --,2182.81,2183.41,2172.0,,,
1078,08/09/2016,2181.74, --,2182.24,2187.66,2178.61,,,
1079,08/08/2016,2180.89, --,2183.76,2185.44,2177.85,,,
1080,08/05/2016,2182.87, --,2168.79,2182.87,2168.79,,,
1081,08/04/2016,2164.25, --,2163.51,2168.19,2159.07,,,
1082,08/03/2016,2163.79, --,2156.81,2163.79,2152.56,,,
1083,08/02/2016,2157.03, --,2169.94,2170.2,2147.58,,,
1084,08/01/2016,2170.84, --,2173.15,2178.29,2166.21,,,
1085,07/29/2016,2173.6, --,2168.83,2177.09,2163.49,,,
1086,07/28/2016,2170.06, --,2166.05,2172.85,2159.74,,,
1087,07/27/2016,2166.58, --,2169.81,2174.98,2159.07,,,
1088,07/26/2016,2169.18, --,2168.97,2173.54,2160.18,,,
1089,07/25/2016,2168.48, --,2173.71,2173.71,2161.95,,,
1090,07/22/2016,2175.03, --,2166.47,2175.11,2163.24,,,
1091,07/21/2016,2165.17, --,2172.91,2174.56,2159.75,,,
1092,07/20/2016,2173.02, --,2166.1,2175.63,2164.89,,,
1093,07/19/2016,2163.78, --,2163.79,2164.63,2159.01,,,
1094,07/18/2016,2166.89, --,2162.04,2168.35,2159.63,,,
1095,07/15/2016,2161.74, --,2165.13,2169.05,2155.79,,,
1096,07/14/2016,2163.75, --,2157.88,2168.99,2157.88,,,
1097,07/13/2016,2152.43, --,2153.81,2156.45,2146.21,,,
1098,07/12/2016,2152.14, --,2139.5,2155.4,2139.5,,,
1099,07/11/2016,2137.16, --,2131.72,2143.16,2131.72,,,
1100,07/08/2016,2129.9, --,2106.97,2131.71,2106.97,,,
1101,07/07/2016,2097.9, --,2100.42,2109.08,2089.39,,,
1102,07/06/2016,2099.73, --,2084.43,2100.72,2074.02,,,
1103,07/05/2016,2088.55, --,2095.05,2095.05,2080.86,,,
1104,07/01/2016,2102.95, --,2099.34,2108.71,2097.9,,,
1105,06/30/2016,2098.86, --,2073.17,2098.94,2070.0,,,
1106,06/29/2016,2070.77, --,2042.69,2073.13,2042.69,,,
1107,06/28/2016,2036.09, --,2006.67,2036.09,2006.67,,,
1108,06/27/2016,2000.54, --,2031.45,2031.45,1991.68,,,
1109,06/24/2016,2037.41, --,2103.81,2103.81,2032.57,,,
1110,06/23/2016,2113.32, --,2092.8,2113.32,2092.8,,,
1111,06/22/2016,2085.45, --,2089.75,2099.71,2084.36,,,
1112,06/21/2016,2088.9, --,2085.19,2093.66,2083.02,,,
1113,06/20/2016,2083.25, --,2075.58,2100.66,2075.58,,,
1114,06/17/2016,2071.22, --,2078.2,2078.2,2062.84,,,
1115,06/16/2016,2077.99, --,2066.36,2079.62,2050.37,,,
1116,06/15/2016,2071.5, --,2077.6,2085.65,2069.8,,,
1117,06/14/2016,2075.32, --,2076.65,2081.3,2064.1,,,
1118,06/13/2016,2079.06, --,2091.75,2098.12,2078.46,,,
1119,06/10/2016,2096.07, --,2109.57,2109.57,2089.96,,,
1120,06/09/2016,2115.48, --,2115.65,2117.64,2107.73,,,
1121,06/08/2016,2119.12, --,2112.71,2120.55,2112.71,,,
1122,06/07/2016,2112.13, --,2110.18,2119.22,2110.18,,,
1123,06/06/2016,2109.41, --,2100.83,2113.36,2100.83,,,
1124,06/03/2016,2099.13, --,2104.07,2104.07,2085.36,,,
1125,06/02/2016,2105.26, --,2097.71,2105.26,2088.59,,,
1126,06/01/2016,2099.33, --,2093.94,2100.97,2085.1,,,
1127,05/31/2016,2096.96, --,2100.13,2103.48,2088.66,,,
1128,05/27/2016,2099.06, --,2090.06,2099.06,2090.06,,,
1129,05/26/2016,2090.1, --,2091.44,2094.3,2087.08,,,
1130,05/25/2016,2090.54, --,2078.93,2094.73,2078.93,,,
1131,05/24/2016,2076.06, --,2052.65,2079.67,2052.65,,,
1132,05/23/2016,2048.04, --,2052.23,2055.58,2047.26,,,
1133,05/20/2016,2052.32, --,2041.88,2058.35,2041.88,,,
1134,05/19/2016,2040.04, --,2044.21,2044.21,2025.91,,,
1135,05/18/2016,2047.63, --,2044.38,2060.61,2034.49,,,
1136,05/17/2016,2047.21, --,2065.04,2065.69,2040.82,,,
1137,05/16/2016,2066.66, --,2046.53,2071.88,2046.53,,,
1138,05/13/2016,2046.61, --,2062.5,2066.79,2043.13,,,
1139,05/12/2016,2064.11, --,2067.17,2073.99,2053.13,,,
1140,05/11/2016,2064.46, --,2083.29,2083.29,2064.46,,,
1141,05/10/2016,2084.39, --,2062.63,2084.87,2062.63,,,
1142,05/09/2016,2058.69, --,2057.55,2064.15,2054.31,,,
1143,05/06/2016,2057.14, --,2047.77,2057.72,2039.45,,,
1144,05/05/2016,2050.63, --,2052.95,2060.23,2045.77,,,
1145,05/04/2016,2051.12, --,2060.3,2060.3,2045.55,,,
1146,05/03/2016,2063.37, --,2077.18,2077.18,2054.89,,,
1147,05/02/2016,2081.43, --,2067.17,2083.42,2066.11,,,
1148,04/29/2016,2065.3, --,2071.82,2073.85,2052.28,,,
1149,04/28/2016,2075.81, --,2090.93,2099.3,2071.62,,,
1150,04/27/2016,2095.15, --,2092.33,2099.89,2082.31,,,
1151,04/26/2016,2091.7, --,2089.84,2096.87,2085.8,,,
1152,04/25/2016,2087.79, --,2089.37,2089.37,2077.52,,,
1153,04/22/2016,2091.58, --,2091.49,2094.32,2081.2,,,
1154,04/21/2016,2091.48, --,2102.09,2103.78,2088.52,,,
1155,04/20/2016,2102.4, --,2101.52,2111.05,2096.32,,,
1156,04/19/2016,2100.8, --,2096.05,2104.05,2091.68,,,
1157,04/18/2016,2094.34, --,2078.83,2094.66,2073.65,,,
1158,04/15/2016,2080.73, --,2083.1,2083.22,2076.31,,,
1159,04/14/2016,2082.78, --,2082.89,2087.84,2078.13,,,
1160,04/13/2016,2082.42, --,2065.92,2083.18,2065.92,,,
1161,04/12/2016,2061.72, --,2043.72,2065.05,2039.74,,,
1162,04/11/2016,2041.99, --,2050.23,2062.93,2041.88,,,
1163,04/08/2016,2047.6, --,2045.54,2060.63,2041.69,,,
1164,04/07/2016,2041.91, --,2063.01,2063.01,2033.8,,,
1165,04/06/2016,2066.66, --,2045.56,2067.33,2043.09,,,
1166,04/05/2016,2045.17, --,2062.5,2062.5,2042.56,,,
1167,04/04/2016,2066.13, --,2073.19,2074.02,2062.57,,,
1168,04/01/2016,2072.78, --,2056.62,2075.07,2043.98,,,
1169,03/31/2016,2059.74, --,2063.77,2067.92,2057.46,,,
1170,03/30/2016,2063.95, --,2058.27,2072.21,2058.27,,,
1171,03/29/2016,2055.01, --,2035.75,2055.91,2028.31,,,
1172,03/28/2016,2037.05, --,2037.89,2042.67,2031.96,,,
1173,03/24/2016,2035.94, --,2032.48,2036.04,2022.49,,,
1174,03/23/2016,2036.71, --,2048.55,2048.55,2034.86,,,
1175,03/22/2016,2049.8, --,2048.64,2056.6,2040.57,,,
1176,03/21/2016,2051.6, --,2047.88,2053.91,2043.14,,,
1177,03/18/2016,2049.58, --,2041.16,2052.36,2041.16,,,
1178,03/17/2016,2040.59, --,2026.9,2046.24,2022.16,,,
1179,03/16/2016,2027.22, --,2014.24,2032.02,2010.04,,,
1180,03/15/2016,2015.93, --,2015.27,2015.94,2005.23,,,
1181,03/14/2016,2019.64, --,2019.27,2024.57,2012.05,,,
1182,03/11/2016,2022.19, --,1994.71,2022.37,1994.71,,,
1183,03/10/2016,1989.57, --,1990.97,2005.08,1969.25,,,
1184,03/09/2016,1989.26, --,1981.44,1992.69,1979.84,,,
1185,03/08/2016,1979.26, --,1996.88,1996.88,1977.43,,,
1186,03/07/2016,2001.76, --,1996.11,2006.12,1989.38,,,
1187,03/04/2016,1999.99, --,1994.01,2009.13,1986.77,,,
1188,03/03/2016,1993.4, --,1985.6,1993.69,1977.37,,,
1189,03/02/2016,1986.45, --,1976.6,1986.51,1968.8,,,
1190,03/01/2016,1978.35, --,1937.09,1978.35,1937.09,,,
1191,02/29/2016,1932.23, --,1947.13,1958.27,1931.81,,,
1192,02/26/2016,1948.05, --,1954.95,1962.96,1945.78,,,
1193,02/25/2016,1951.7, --,1931.87,1951.83,1925.41,,,
1194,02/24/2016,1929.8, --,1917.56,1932.08,1891.0,,,
1195,02/23/2016,1921.27, --,1942.38,1942.38,1919.44,,,
1196,02/22/2016,1945.5, --,1924.44,1946.7,1924.44,,,
1197,02/19/2016,1917.78, --,1916.74,1918.78,1902.17,,,
1198,02/18/2016,1917.83, --,1927.57,1930.0,1915.09,,,
1199,02/17/2016,1926.82, --,1898.8,1930.68,1898.8,,,
1200,02/16/2016,1895.58, --,1871.44,1895.77,1871.44,,,
1201,02/12/2016,1864.78, --,1833.4,1864.78,1833.4,,,
1202,02/11/2016,1829.08, --,1847.0,1847.0,1810.1,,,
1203,02/10/2016,1851.86, --,1857.1,1881.6,1850.32,,,
1204,02/09/2016,1852.21, --,1848.46,1868.25,1834.94,,,
1205,02/08/2016,1853.44, --,1873.25,1873.25,1828.46,,,
1206,02/05/2016,1880.05, --,1913.07,1913.07,1872.65,,,
1207,02/04/2016,1915.45, --,1911.67,1927.35,1900.52,,,
1208,02/03/2016,1912.53, --,1907.07,1918.01,1872.23,,,
1209,02/02/2016,1903.03, --,1935.26,1935.26,1897.29,,,
1210,02/01/2016,1939.38, --,1936.94,1947.2,1920.3,,,
1211,01/29/2016,1940.24, --,1894.0,1940.24,1894.0,,,
1212,01/28/2016,1893.36, --,1885.22,1902.96,1873.65,,,
1213,01/27/2016,1882.95, --,1902.52,1916.99,1872.7,,,
1214,01/26/2016,1903.63, --,1878.79,1906.73,1878.79,,,
1215,01/25/2016,1877.08, --,1906.28,1906.28,1875.97,,,
1216,01/22/2016,1906.9, --,1877.4,1908.85,1877.4,,,
1217,01/21/2016,1868.99, --,1861.46,1889.85,1848.98,,,
1218,01/20/2016,1859.33, --,1876.18,1876.18,1812.29,,,
1219,01/19/2016,1881.33, --,1888.66,1901.44,1864.6,,,
1220,01/15/2016,1880.33, --,1916.68,1916.68,1857.83,,,
1221,01/14/2016,1921.84, --,1891.68,1934.47,1878.93,,,
1222,01/13/2016,1890.28, --,1940.34,1950.33,1886.41,,,
1223,01/12/2016,1938.68, --,1927.83,1947.38,1914.35,,,
1224,01/11/2016,1923.67, --,1926.12,1935.65,1901.1,,,
1225,01/08/2016,1922.03, --,1945.97,1960.4,1918.46,,,
1226,01/07/2016,1943.09, --,1985.32,1985.32,1938.83,,,
1227,01/06/2016,1990.26, --,2011.71,2011.71,1979.05,,,
1228,01/05/2016,2016.71, --,2013.78,2021.94,2004.17,,,
1229,01/04/2016,2012.66, --,2038.2,2038.2,1989.68,,,
1230,12/31/2015,2043.94, --,2060.59,2062.54,2043.62,,,
1231,12/30/2015,2063.36, --,2077.34,2077.34,2061.97,,,
1232,12/29/2015,2078.36, --,2060.54,2081.56,2060.54,,,
1233,12/28/2015,2056.5, --,2057.77,2057.77,2044.2,,,
1234,12/24/2015,2060.99, --,2063.52,2067.36,2058.73,,,
1235,12/23/2015,2064.29, --,2042.2,2064.73,2042.2,,,
1236,12/22/2015,2038.97, --,2023.15,2042.74,2020.49,,,
1237,12/21/2015,2021.15, --,2010.27,2022.9,2005.93,,,
1238,12/18/2015,2005.55, --,2040.81,2040.81,2005.33,,,
1239,12/17/2015,2041.89, --,2073.76,2076.37,2041.66,,,
1240,12/16/2015,2073.07, --,2046.5,2076.72,2042.43,,,
1241,12/15/2015,2043.41, --,2025.55,2053.87,2025.55,,,
1242,12/14/2015,2021.94, --,2013.37,2022.92,1993.26,,,
1243,12/11/2015,2012.37, --,2047.27,2047.27,2008.8,,,
1244,12/10/2015,2052.23, --,2047.93,2067.65,2045.67,,,
1245,12/09/2015,2047.62, --,2061.17,2080.33,2036.53,,,
1246,12/08/2015,2063.59, --,2073.39,2073.85,2052.32,,,
1247,12/07/2015,2077.07, --,2090.42,2090.42,2066.78,,,
1248,12/04/2015,2091.69, --,2051.24,2093.84,2051.24,,,
1249,12/03/2015,2049.62, --,2080.71,2085.0,2042.35,,,
1250,12/02/2015,2079.51, --,2101.71,2104.27,2077.11,,,
1251,12/01/2015,2102.63, --,2082.93,2103.37,2082.93,,,
1252,11/30/2015,2080.41, --,2090.95,2093.81,2080.41,,,
1253,11/27/2015,2090.11, --,2088.82,2093.29,2084.13,,,
1254,11/25/2015,2088.87, --,2089.3,2093.0,2086.3,,,
1255,11/24/2015,2089.14, --,2084.42,2094.12,2070.29,,,
1256,11/23/2015,2086.59, --,2089.41,2095.61,2081.39,,,
1257,11/20/2015,2089.17, --,2082.82,2097.06,2082.82,,,
1258,11/19/2015,2081.24, --,2083.7,2086.74,2078.76,,,
1259,11/18/2015,2083.58, --,2051.99,2085.31,2051.99,,,
